{"type": "FeatureCollection", "features": [{"type": "Feature", "geometry": {"type": "Point", "coordinates": [106.897316, -6.3751643, 0]}, "properties": {"id": "ChIJs9WXwvvsaS4Rw5lT0lfehfc", "latitude": "-6.3751643", "longitude": "106.897316", "name": "MANG KABAYAN SIGNATURE", "description": "Jalan Alternatif Cibubur No.12 A, Harjamukti", "tenant_type": "umkm-tetap", "period": "5", "transaction_per_day": "4788000", "tenant_area": "4 m x 3 m", "target_market": "pejalan kaki, pekerja kantoran", "revenue_per_month": "143640000", "transaction_per_buyer": "76000", "rent_trend": "0.0", "rent_price_annual": "51000000", "rent_expiry_date": "none", "tanggal_survey": "23-Agu-2026", "kondisi_bangunan": "bagus", "moda_terhubung": "LRT", "jarak_ke_stasiun_meter": 228.3, "nearest_station_verified": "harjamukti"}}, {"type": "Feature", "geometry": {"type": "Point", "coordinates": [106.8973211, -6.3755237, 0]}, "properties": {"id": "ChIJJQAAAKyUaS4RnVRlKyXXVHs", "latitude": "-6.3755237", "longitude": "106.8973211", "name": "Hanamasa Cibubur", "description": "Jalan Alternatif Cibubur No.KM. 1, Harjamukti", "tenant_type": "umkm-seasonal", "period": "6", "transaction_per_day": "1911000", "tenant_area": "4 m x 4 m", "target_market": "pekerja kantoran, warga", "revenue_per_month": "57330000", "transaction_per_buyer": "39000", "rent_trend": "0.0", "rent_price_annual": "16500000", "rent_expiry_date": "none", "tanggal_survey": "23-Agu-2026", "kondisi_bangunan": "bagus", "moda_terhubung": "LRT", "jarak_ke_stasiun_meter": 253.7, "nearest_station_verified": "harjamukti"}}, {"type": "Feature", "geometry": {"type": "Point", "coordinates": [106.903732, -6.375638500000001, 0]}, "properties": {"id": "ChIJjaiG2lSTaS4RQjW2C24FPu4", "latitude": "-6.375638500000001", "longitude": "106.903732", "name": "Pizza Hut Delivery - PHD Indonesia", "description": "Ruko CitraMas Cibubur, Jalan Alternatif Cibubur, Harjamukti", "tenant_type": "umkm-seasonal", "period": "5", "transaction_per_day": "6240000", "tenant_area": "4 m x 3 m", "target_market": "pejalan kaki, pekerja kantoran", "revenue_per_month": "187200000", "transaction_per_buyer": "96000", "rent_trend": "0.0", "rent_price_annual": "65500000", "rent_expiry_date": "none", "tanggal_survey": "23-Agu-2026", "kondisi_bangunan": "bagus", "moda_terhubung": "LRT", "jarak_ke_stasiun_meter": 914.7, "nearest_station_verified": "harjamukti"}}, {"type": "Feature", "geometry": {"type": "Point", "coordinates": [106.9037636, -6.374475800000001, 0]}, "properties": {"id": "ChIJg9xNIansaS4RaUVKvMe0gZA", "latitude": "-6.374475800000001", "longitude": "106.9037636", "name": "De Mahogany Cafe", "description": "Jl. Mahogany Residence, Harjamukti", "tenant_type": "umkm-tetap", "period": "5", "transaction_per_day": "2125000", "tenant_area": "3 m x 3 m", "target_market": "pekerja kantoran, pejalan kaki, warga", "revenue_per_month": "63750000", "transaction_per_buyer": "85000", "rent_trend": "0.0", "rent_price_annual": "18000000", "rent_expiry_date": "none", "tanggal_survey": "23-Agu-2026", "kondisi_bangunan": "bagus", "moda_terhubung": "LRT", "jarak_ke_stasiun_meter": 901.2, "nearest_station_verified": "harjamukti"}}, {"type": "Feature", "geometry": {"type": "Point", "coordinates": [106.8966551, -6.3705324, 0]}, "properties": {"id": "ChIJ34H4wj8gai4RhUXAl3jLWyc", "latitude": "-6.3705324", "longitude": "106.8966551", "name": "Pizza Hut Restoran", "description": "SPBU Terpadu Ciracas, Jalan Akses UI Jalan Buperta, Harjamukti", "tenant_type": "umkm-tetap", "period": "4", "transaction_per_day": "2520000", "tenant_area": "4 m x 3 m", "target_market": "Warga, pejalan kaki, pekerja kantoran", "revenue_per_month": "75600000", "transaction_per_buyer": "45000", "rent_trend": "0.0", "rent_price_annual": "25000000", "rent_expiry_date": "none", "tanggal_survey": "23-Agu-2026", "kondisi_bangunan": "bagus", "moda_terhubung": "LRT", "jarak_ke_stasiun_meter": 400.8, "nearest_station_verified": "harjamukti"}}, {"type": "Feature", "geometry": {"type": "Point", "coordinates": [106.8969267, -6.3703366, 0]}, "properties": {"id": "ChIJ8RIM-8HsaS4R78gGvMUwlBc", "latitude": "-6.3703366", "longitude": "106.8969267", "name": "McDonald's Cibubur", "description": "Jalan Buperta No.1, Harjamukti", "tenant_type": "umkm-tetap", "period": "3", "transaction_per_day": "4257000", "tenant_area": "4 m x 3 m", "target_market": "Warga, pejalan kaki, pekerja kantoran", "revenue_per_month": "127710000", "transaction_per_buyer": "99000", "rent_trend": "0.0", "rent_price_annual": "45000000", "rent_expiry_date": "none", "tanggal_survey": "23-Agu-2026", "kondisi_bangunan": "bagus", "moda_terhubung": "LRT", "jarak_ke_stasiun_meter": 430.8, "nearest_station_verified": "harjamukti"}}, {"type": "Feature", "geometry": {"type": "Point", "coordinates": [106.8970444, -6.3777211, 0]}, "properties": {"id": "ChIJ--CHRgDtaS4R2GwhJQ0bCQU", "latitude": "-6.3777211", "longitude": "106.8970444", "name": "Ketoprak Ayu Harjamukti", "description": "Jalan Pringgondani No.27, RT.05/RW.09, Harjamukti", "tenant_type": "umkm-tetap", "period": "3", "transaction_per_day": "6435000", "tenant_area": "4 m x 3 m", "target_market": "pekerja kantoran, pejalan kaki", "revenue_per_month": "193050000", "transaction_per_buyer": "99000", "rent_trend": "0.0", "rent_price_annual": "68000000", "rent_expiry_date": "none", "tanggal_survey": "23-Agu-2026", "kondisi_bangunan": "bagus", "moda_terhubung": "LRT", "jarak_ke_stasiun_meter": 443.8, "nearest_station_verified": "harjamukti"}}, {"type": "Feature", "geometry": {"type": "Point", "coordinates": [106.8981544, -6.3769581, 0]}, "properties": {"id": "ChIJKV-L4rjtaS4RV7X4XlL-Ka8", "latitude": "-6.3769581", "longitude": "106.8981544", "name": "Kita Daging Mas", "description": "Cibubur Point Automotive Center, Blok B8, Harjamukti", "tenant_type": "umkm-seasonal", "period": "4", "transaction_per_day": "3456000", "tenant_area": "4 m x 10 m", "target_market": "pekerja kantoran, pejalan kaki", "revenue_per_month": "103680000", "transaction_per_buyer": "48000", "rent_trend": "0.0", "rent_price_annual": "34000000", "rent_expiry_date": "none", "tanggal_survey": "31-Agu-2026", "kondisi_bangunan": "bagus", "moda_terhubung": "LRT", "jarak_ke_stasiun_meter": 432.8, "nearest_station_verified": "harjamukti"}}, {"type": "Feature", "geometry": {"type": "Point", "coordinates": [106.8982205, -6.3766473, 0]}, "properties": {"id": "ChIJ22RMpafsaS4RnT1nF91IVAQ", "latitude": "-6.3766473", "longitude": "106.8982205", "name": "Depot Soto Kediri", "description": "Cibubur Point, Jalan Alternatif Cibubur No.3 Blok B, Harjamukti", "tenant_type": "umkm-tetap", "period": "9", "transaction_per_day": "2133000", "tenant_area": "4 m x 3 m", "target_market": "pekerja kantoran, pejalan kaki", "revenue_per_month": "63990000", "transaction_per_buyer": "27000", "rent_trend": "0.0", "rent_price_annual": "18500000", "rent_expiry_date": "none", "tanggal_survey": "23-Agu-2026", "kondisi_bangunan": "bagus", "moda_terhubung": "LRT", "jarak_ke_stasiun_meter": 412.1, "nearest_station_verified": "harjamukti"}}, {"type": "Feature", "geometry": {"type": "Point", "coordinates": [106.897982, -6.376458999999999, 0]}, "properties": {"id": "ChIJI5PkqKfsaS4Rx_s0U9982Xc", "latitude": "-6.376458999999999", "longitude": "106.897982", "name": "Bakpao Pelangi", "description": "Jalan Alternatif Cibubur No.11, Harjamukti", "tenant_type": "umkm-seasonal", "period": "2", "transaction_per_day": "3772000", "tenant_area": "4 m x 3 m", "target_market": "pekerja kantoran, pejalan kaki", "revenue_per_month": "113160000", "transaction_per_buyer": "46000", "rent_trend": "0.0", "rent_price_annual": "39500000", "rent_expiry_date": "none", "tanggal_survey": "31-Agu-2026", "kondisi_bangunan": "bagus", "moda_terhubung": "LRT", "jarak_ke_stasiun_meter": 378.8, "nearest_station_verified": "harjamukti"}}, {"type": "Feature", "geometry": {"type": "Point", "coordinates": [106.8985524, -6.3768322, 0]}, "properties": {"id": "ChIJ25Pou6fsaS4RqtRx1IgpTtY", "latitude": "-6.3768322", "longitude": "106.8985524", "name": "Kantin Sehat Cibubur Point", "description": "JVFX+7C7, Jalan Alternatif Cibubur, Harjamukti", "tenant_type": "umkm-tetap", "period": "9", "transaction_per_day": "3927000", "tenant_area": "4 m x 3 m", "target_market": "pekerja kantoran, pejalan kaki, warga", "revenue_per_month": "117810000", "transaction_per_buyer": "77000", "rent_trend": "0.0", "rent_price_annual": "38500000", "rent_expiry_date": "none", "tanggal_survey": "23-Agu-2026", "kondisi_bangunan": "bagus", "moda_terhubung": "LRT", "jarak_ke_stasiun_meter": 452.6, "nearest_station_verified": "harjamukti"}}, {"type": "Feature", "geometry": {"type": "Point", "coordinates": [106.8974964, -6.3759742, 0]}, "properties": {"id": "ChIJmecXOgDtaS4R5Ajv8Ers_Ts", "latitude": "-6.3759742", "longitude": "106.8974964", "name": "Soto ayam ruko depan", "description": "Ruko rafles depan pos satpam, Harjamukti", "tenant_type": "umkm-seasonal", "period": "1", "transaction_per_day": "1352000", "tenant_area": "3.5 m x 3 m", "target_market": "Warga, pejalan kaki, pekerja kantoran", "revenue_per_month": "40560000", "transaction_per_buyer": "26000", "rent_trend": "0.0", "rent_price_annual": "9000000", "rent_expiry_date": "none", "tanggal_survey": "23-Agu-2026", "kondisi_bangunan": "bagus", "moda_terhubung": "LRT", "jarak_ke_stasiun_meter": 302.7, "nearest_station_verified": "harjamukti"}}, {"type": "Feature", "geometry": {"type": "Point", "coordinates": [106.8974964, -6.3759742, 0]}, "properties": {"id": "ChIJXU_o0z7taS4Ret2GJ5vOlGY", "latitude": "-6.3759742", "longitude": "106.8974964", "name": "Soto Ambengan", "description": "JVFW+JX9, Harjamukti", "tenant_type": "umkm-seasonal", "period": "1", "transaction_per_day": "4644000", "tenant_area": "4 m x 3 m", "target_market": "pekerja kantoran, pejalan kaki", "revenue_per_month": "139320000", "transaction_per_buyer": "54000", "rent_trend": "0.0", "rent_price_annual": "50000000", "rent_expiry_date": "none", "tanggal_survey": "23-Agu-2026", "kondisi_bangunan": "bagus", "moda_terhubung": "LRT", "jarak_ke_stasiun_meter": 302.7, "nearest_station_verified": "harjamukti"}}, {"type": "Feature", "geometry": {"type": "Point", "coordinates": [106.8974597, -6.378949199999999, 0]}, "properties": {"id": "ChIJlbmLbQDraS4RSK0MHje0tzg", "latitude": "-6.378949199999999", "longitude": "106.8974597", "name": "Kuliner Malam Kurma B", "description": "Kuliner Malam kurma B, Cibubur", "tenant_type": "umkm-tetap", "period": "5", "transaction_per_day": "2294000", "tenant_area": "5 m x 5 m", "target_market": "pekerja kantoran, pejalan kaki", "revenue_per_month": "68820000", "transaction_per_buyer": "62000", "rent_trend": "0.0", "rent_price_annual": "20000000", "rent_expiry_date": "none", "tanggal_survey": "23-Agu-2026", "kondisi_bangunan": "bagus", "moda_terhubung": "LRT", "jarak_ke_stasiun_meter": 587.8, "nearest_station_verified": "harjamukti"}}, {"type": "Feature", "geometry": {"type": "Point", "coordinates": [106.8982312, -6.3759942, 0]}, "properties": {"id": "ChIJ51QyBgDtaS4RHd1xtU3gHiI", "latitude": "-6.3759942", "longitude": "106.8982312", "name": "Bakso Son Hajisony Cibubur", "description": "Jalan Alternatif Cibubur No.10, Harjamukti", "tenant_type": "umkm-tetap", "period": "6", "transaction_per_day": "1144000", "tenant_area": "4 m x 3 m", "target_market": "Warga, pejalan kaki, pekerja kantoran", "revenue_per_month": "34320000", "transaction_per_buyer": "26000", "rent_trend": "0.0", "rent_price_annual": "8500000", "rent_expiry_date": "none", "tanggal_survey": "23-Agu-2026", "kondisi_bangunan": "bagus", "moda_terhubung": "LRT", "jarak_ke_stasiun_meter": 364.5, "nearest_station_verified": "harjamukti"}}, {"type": "Feature", "geometry": {"type": "Point", "coordinates": [106.8980553, -6.375918599999999, 0]}, "properties": {"id": "ChIJYaDCLZftaS4R8cT91fOEZ5s", "latitude": "-6.375918599999999", "longitude": "106.8980553", "name": "Seafood One Usaha Baru", "description": "Jalan Alternatif Cibubur No.12A, Harjamukti", "tenant_type": "umkm-tetap", "period": "6", "transaction_per_day": "6424000", "tenant_area": "4 m x 3 m", "target_market": "pekerja kantoran, pejalan kaki", "revenue_per_month": "192720000", "transaction_per_buyer": "88000", "rent_trend": "0.0", "rent_price_annual": "68500000", "rent_expiry_date": "none", "tanggal_survey": "23-Agu-2026", "kondisi_bangunan": "bagus", "moda_terhubung": "LRT", "jarak_ke_stasiun_meter": 344.0, "nearest_station_verified": "harjamukti"}}, {"type": "Feature", "geometry": {"type": "Point", "coordinates": [106.8986829, -6.376244499999999, 0]}, "properties": {"id": "ChIJrSq88xTtaS4RdlhuD0bjbv4", "latitude": "-6.376244499999999", "longitude": "106.8986829", "name": "Harmony Juice & Salad Bar - Cibubur", "description": "Jalan Alternatif Cibubur No.9B, Harjamukti", "tenant_type": "umkm-tetap", "period": "3", "transaction_per_day": "6468000", "tenant_area": "4 m x 3 m", "target_market": "pejalan kaki, pekerja kantoran", "revenue_per_month": "194040000", "transaction_per_buyer": "84000", "rent_trend": "0.0", "rent_price_annual": "68500000", "rent_expiry_date": "none", "tanggal_survey": "23-Agu-2026", "kondisi_bangunan": "bagus", "moda_terhubung": "LRT", "jarak_ke_stasiun_meter": 421.1, "nearest_station_verified": "harjamukti"}}, {"type": "Feature", "geometry": {"type": "Point", "coordinates": [106.8988977, -6.3763043, 0]}, "properties": {"id": "ChIJDYGjPADraS4RROIupvG4zDc", "latitude": "-6.3763043", "longitude": "106.8988977", "name": "Mie ayam rahayu Lampung", "description": "JVFX+FHC, Jalan Pringgodani, Harjamukti", "tenant_type": "umkm-tetap", "period": "7", "transaction_per_day": "3870000", "tenant_area": "4 m x 3 m", "target_market": "Warga, pejalan kaki, pekerja kantoran", "revenue_per_month": "116100000", "transaction_per_buyer": "45000", "rent_trend": "0.0", "rent_price_annual": "39000000", "rent_expiry_date": "none", "tanggal_survey": "23-Agu-2026", "kondisi_bangunan": "bagus", "moda_terhubung": "LRT", "jarak_ke_stasiun_meter": 444.2, "nearest_station_verified": "harjamukti"}}, {"type": "Feature", "geometry": {"type": "Point", "coordinates": [106.8968654, -6.3756637, 0]}, "properties": {"id": "ChIJa_t2mc_taS4RL5LAjI5ldGA", "latitude": "-6.3756637", "longitude": "106.8968654", "name": "PT. Reinland Boga Indonesia", "description": "Jalan Alternatif Cibubur No.38, RW.5, Harjamukti", "tenant_type": "umkm-tetap", "period": "9", "transaction_per_day": "3705000", "tenant_area": "4 m x 3 m", "target_market": "Warga, pejalan kaki, pekerja kantoran", "revenue_per_month": "111150000", "transaction_per_buyer": "57000", "rent_trend": "0.0", "rent_price_annual": "39000000", "rent_expiry_date": "none", "tanggal_survey": "23-Agu-2026", "kondisi_bangunan": "bagus", "moda_terhubung": "LRT", "jarak_ke_stasiun_meter": 231.4, "nearest_station_verified": "harjamukti"}}, {"type": "Feature", "geometry": {"type": "Point", "coordinates": [106.8986862, -6.3758939, 0]}, "properties": {"id": "ChIJa7hrDhHtaS4RjsTYEK0KooE", "latitude": "-6.3758939", "longitude": "106.8986862", "name": "Bun Pao", "description": "Jl Alternatif Cibubur no. 8c, Kav DDN No.65, Harjamukti", "tenant_type": "umkm-tetap", "period": "10", "transaction_per_day": "4300000", "tenant_area": "4 m x 3 m", "target_market": "Warga, pejalan kaki, pekerja kantoran", "revenue_per_month": "129000000", "transaction_per_buyer": "100000", "rent_trend": "0.0", "rent_price_annual": "46500000", "rent_expiry_date": "none", "tanggal_survey": "23-Agu-2026", "kondisi_bangunan": "bagus", "moda_terhubung": "MRT", "jarak_ke_stasiun_meter": 399.4, "nearest_station_verified": "harjamukti"}}, {"type": "Feature", "geometry": {"type": "Point", "coordinates": [106.9359093, -6.405294199999999, 0]}, "properties": {"id": "ChIJqVyENwCVaS4R7OMW1dMT940", "latitude": "-6.405294199999999", "longitude": "106.9359093", "name": "Warung Omah Joglo SiMbok", "description": "HWVP+V9M, RT.001/RW.010, Tlajung Udik", "tenant_type": "umkm-tetap", "period": "8", "transaction_per_day": "4182000", "tenant_area": "3.5 m x 3 m", "target_market": "pejalan kaki, pekerja kantoran", "revenue_per_month": "125460000", "transaction_per_buyer": "82000", "rent_trend": "0.0", "rent_price_annual": "45000000", "rent_expiry_date": "none", "tanggal_survey": "23-Agu-2026", "kondisi_bangunan": "bagus", "moda_terhubung": "LRT", "jarak_ke_stasiun_meter": 4602.5, "nearest_station_verified": "bojong_nangka"}}, {"type": "Feature", "geometry": {"type": "Point", "coordinates": [106.9358336, -6.405181799999998, 0]}, "properties": {"id": "ChIJ1dP-KQCVaS4Rb4WpmGo9Gio", "latitude": "-6.405181799999998", "longitude": "106.9358336", "name": "SEAFOOD IFAZAH 68", "description": "HWVP+W8M, Cikeas Udik", "tenant_type": "umkm-tetap", "period": "6", "transaction_per_day": "3036000", "tenant_area": "4 m x 3 m", "target_market": "pekerja kantoran, pejalan kaki", "revenue_per_month": "91080000", "transaction_per_buyer": "46000", "rent_trend": "0.0", "rent_price_annual": "29500000", "rent_expiry_date": "none", "tanggal_survey": "23-Agu-2026", "kondisi_bangunan": "bagus", "moda_terhubung": "LRT", "jarak_ke_stasiun_meter": 4603.3, "nearest_station_verified": "bojong_nangka"}}, {"type": "Feature", "geometry": {"type": "Point", "coordinates": [106.9358395, -6.4050087, 0]}, "properties": {"id": "ChIJNW-BNGOVaS4RELggLT03mUw", "latitude": "-6.4050087", "longitude": "106.9358395", "name": "NASGOR BERKAH BEJO", "description": "HWVP+X8W, Cikeas Udik", "tenant_type": "umkm-tetap", "period": "8", "transaction_per_day": "3066000", "tenant_area": "4 m x 3 m", "target_market": "Warga, pejalan kaki, pekerja kantoran", "revenue_per_month": "91980000", "transaction_per_buyer": "73000", "rent_trend": "0.0", "rent_price_annual": "31000000", "rent_expiry_date": "none", "tanggal_survey": "23-Agu-2026", "kondisi_bangunan": "bagus", "moda_terhubung": "LRT", "jarak_ke_stasiun_meter": 4615.3, "nearest_station_verified": "bojong_nangka"}}, {"type": "Feature", "geometry": {"type": "Point", "coordinates": [106.9358425, -6.405004300000001, 0]}, "properties": {"id": "ChIJIz2feMKUaS4RNNQlasS5hFg", "latitude": "-6.405004300000001", "longitude": "106.9358425", "name": "PAK DE BEJO", "description": "Indonesia", "tenant_type": "umkm-tetap", "period": "5", "transaction_per_day": "7055000", "tenant_area": "4 m x 3 m", "target_market": "Warga, pejalan kaki, pekerja kantoran", "revenue_per_month": "211650000", "transaction_per_buyer": "83000", "rent_trend": "0.0", "rent_price_annual": "76000000", "rent_expiry_date": "none", "tanggal_survey": "23-Agu-2026", "kondisi_bangunan": "bagus", "moda_terhubung": "LRT", "jarak_ke_stasiun_meter": 4615.9, "nearest_station_verified": "bojong_nangka"}}, {"type": "Feature", "geometry": {"type": "Point", "coordinates": [106.9356875, -6.4053125, 0]}, "properties": {"id": "ChIJM_EkKACVaS4Ry5VG95xVhH8", "latitude": "-6.4053125", "longitude": "106.9356875", "name": "WARKOP AGAM MEDAN CIKEAS", "description": "Cikeas Udik", "tenant_type": "umkm-tetap", "period": "8", "transaction_per_day": "3036000", "tenant_area": "4 m x 3 m", "target_market": "pekerja kantoran, pejalan kaki", "revenue_per_month": "91080000", "transaction_per_buyer": "66000", "rent_trend": "6.21", "rent_price_annual": "29500000", "rent_expiry_date": "none", "tanggal_survey": "23-Agu-2026", "kondisi_bangunan": "bagus", "moda_terhubung": "LRT", "jarak_ke_stasiun_meter": 4581.6, "nearest_station_verified": "bojong_nangka"}}, {"type": "Feature", "geometry": {"type": "Point", "coordinates": [106.9359034, -6.404865200000001, 0]}, "properties": {"id": "ChIJSd_s1LGVaS4Rto4pGHe2DJU", "latitude": "-6.404865200000001", "longitude": "106.9359034", "name": "Bakmi jogja cipto roso", "description": "HWWP+392, Cikeas Udik", "tenant_type": "umkm-seasonal", "period": "10", "transaction_per_day": "1764000", "tenant_area": "4 m x 3 m", "target_market": "pejalan kaki, pekerja kantoran", "revenue_per_month": "52920000", "transaction_per_buyer": "84000", "rent_trend": "5.57", "rent_price_annual": "17000000", "rent_expiry_date": "none", "tanggal_survey": "23-Agu-2026", "kondisi_bangunan": "bagus", "moda_terhubung": "LRT", "jarak_ke_stasiun_meter": 4630.6, "nearest_station_verified": "bojong_nangka"}}, {"type": "Feature", "geometry": {"type": "Point", "coordinates": [106.9359012, -6.404864099999998, 0]}, "properties": {"id": "ChIJN8dOXdeVaS4RjgPR750aqKA", "latitude": "-6.404864099999998", "longitude": "106.9359012", "name": "Bakso Metropole 2", "description": "HWWP+28H, Cikeas Udik", "tenant_type": "umkm-tetap", "period": "4", "transaction_per_day": "1404000", "tenant_area": "4 m x 3 m", "target_market": "pekerja kantoran, pejalan kaki, warga", "revenue_per_month": "42120000", "transaction_per_buyer": "39000", "rent_trend": "0.0", "rent_price_annual": "9000000", "rent_expiry_date": "none", "tanggal_survey": "23-Agu-2026", "kondisi_bangunan": "bagus", "moda_terhubung": "LRT", "jarak_ke_stasiun_meter": 4630.5, "nearest_station_verified": "bojong_nangka"}}, {"type": "Feature", "geometry": {"type": "Point", "coordinates": [106.9356555, -6.405031, 0]}, "properties": {"id": "ChIJVTmfWm6VaS4RGwTSn-eO9Xw", "latitude": "-6.405031", "longitude": "106.9356555", "name": "Pisang tanduk kremes Mama adit", "description": "HWVP+X7J, Cikeas Udik", "tenant_type": "umkm-tetap", "period": "10", "transaction_per_day": "4472000", "tenant_area": "4 m x 3 m", "target_market": "Warga, pejalan kaki, pekerja kantoran", "revenue_per_month": "134160000", "transaction_per_buyer": "86000", "rent_trend": "0.0", "rent_price_annual": "45000000", "rent_expiry_date": "none", "tanggal_survey": "23-Agu-2026", "kondisi_bangunan": "bagus", "moda_terhubung": "LRT", "jarak_ke_stasiun_meter": 4597.6, "nearest_station_verified": "bojong_nangka"}}, {"type": "Feature", "geometry": {"type": "Point", "coordinates": [106.9356164, -6.4051095, 0]}, "properties": {"id": "ChIJe8XsQQCVaS4RGrFvONra1Z8", "latitude": "-6.4051095", "longitude": "106.9356164", "name": "Sambal Rampai 99", "description": "HWVP+W72, Unnamed Road, Cikeas Udik", "tenant_type": "umkm-tetap", "period": "8", "transaction_per_day": "2408000", "tenant_area": "3.5 m x 3.5 m", "target_market": "pejalan kaki, pekerja kantoran", "revenue_per_month": "72240000", "transaction_per_buyer": "86000", "rent_trend": "0.0", "rent_price_annual": "21500000", "rent_expiry_date": "none", "tanggal_survey": "23-Agu-2026", "kondisi_bangunan": "bagus", "moda_terhubung": "MRT", "jarak_ke_stasiun_meter": 4588.9, "nearest_station_verified": "bojong_nangka"}}, {"type": "Feature", "geometry": {"type": "Point", "coordinates": [106.9355761, -6.405158, 0]}, "properties": {"id": "ChIJ05BM9yeVaS4RQy-RcKl-YWE", "latitude": "-6.405158", "longitude": "106.9355761", "name": "IiMentai Dimsum", "description": "Ruko Jl. Letda Nasir No. 31 - A, Cikeas Udik", "tenant_type": "umkm-tetap", "period": "10", "transaction_per_day": "4402000", "tenant_area": "3 m x 3 m", "target_market": "pejalan kaki, pekerja kantoran", "revenue_per_month": "132060000", "transaction_per_buyer": "71000", "rent_trend": "0.0", "rent_price_annual": "44000000", "rent_expiry_date": "none", "tanggal_survey": "23-Agu-2026", "kondisi_bangunan": "bagus", "moda_terhubung": "LRT", "jarak_ke_stasiun_meter": 4582.1, "nearest_station_verified": "bojong_nangka"}}, {"type": "Feature", "geometry": {"type": "Point", "coordinates": [106.935586, -6.405413999999999, 0]}, "properties": {"id": "ChIJ52w9fsKUaS4RSq05LUMRvbc", "latitude": "-6.405413999999999", "longitude": "106.935586", "name": "warung bubur cianjur & soto kuning", "description": "HWVP+R6P, Jalan Akses Tol Cimanggis, Cikeas Udik", "tenant_type": "umkm-tetap", "period": "2", "transaction_per_day": "5762000", "tenant_area": "4 m x 3 m", "target_market": "Warga, pejalan kaki, pekerja kantoran", "revenue_per_month": "172860000", "transaction_per_buyer": "86000", "rent_trend": "0.0", "rent_price_annual": "60500000", "rent_expiry_date": "none", "tanggal_survey": "23-Agu-2026", "kondisi_bangunan": "bagus", "moda_terhubung": "LRT", "jarak_ke_stasiun_meter": 4565.9, "nearest_station_verified": "bojong_nangka"}}, {"type": "Feature", "geometry": {"type": "Point", "coordinates": [106.9355755, -6.4054413, 0]}, "properties": {"id": "ChIJtSeigMKUaS4Rrj67hKsUotk", "latitude": "-6.4054413", "longitude": "106.9355755", "name": "Rm. Indah Raya 7", "description": "Indonesia", "tenant_type": "umkm-tetap", "period": "5", "transaction_per_day": "4350000", "tenant_area": "4 m x 3 m", "target_market": "pejalan kaki, pekerja kantoran", "revenue_per_month": "130500000", "transaction_per_buyer": "75000", "rent_trend": "0.0", "rent_price_annual": "46000000", "rent_expiry_date": "none", "tanggal_survey": "23-Agu-2026", "kondisi_bangunan": "bagus", "moda_terhubung": "MRT", "jarak_ke_stasiun_meter": 4563.1, "nearest_station_verified": "bojong_nangka"}}, {"type": "Feature", "geometry": {"type": "Point", "coordinates": [106.9355687, -6.4054383, 0]}, "properties": {"id": "ChIJg2-hgMKUaS4R3SiInhjvJA8", "latitude": "-6.4054383", "longitude": "106.9355687", "name": "PONDOK KELAPA MUDA KUNINGAN", "description": "Indonesia", "tenant_type": "umkm-tetap", "period": "9", "transaction_per_day": "4819000", "tenant_area": "4 m x 3 m", "target_market": "Warga, pejalan kaki, pekerja kantoran", "revenue_per_month": "144570000", "transaction_per_buyer": "79000", "rent_trend": "0.0", "rent_price_annual": "50500000", "rent_expiry_date": "none", "tanggal_survey": "23-Agu-2026", "kondisi_bangunan": "bagus", "moda_terhubung": "LRT", "jarak_ke_stasiun_meter": 4562.7, "nearest_station_verified": "bojong_nangka"}}, {"type": "Feature", "geometry": {"type": "Point", "coordinates": [106.935454, -6.405282300000001, 0]}, "properties": {"id": "ChIJh4E7CACVaS4RN3atVAocaHY", "latitude": "-6.405282300000001", "longitude": "106.935454", "name": "Sate Ayam Kambing Madura", "description": "HWVP+V5P, Cikeas Udik", "tenant_type": "umkm-seasonal", "period": "4", "transaction_per_day": "3960000", "tenant_area": "4 m x 3 m", "target_market": "Warga, pejalan kaki, pekerja kantoran", "revenue_per_month": "118800000", "transaction_per_buyer": "88000", "rent_trend": "0.0", "rent_price_annual": "42500000", "rent_expiry_date": "none", "tanggal_survey": "30-Agu-2026", "kondisi_bangunan": "bagus", "moda_terhubung": "MRT", "jarak_ke_stasiun_meter": 4563.0, "nearest_station_verified": "bojong_nangka"}}, {"type": "Feature", "geometry": {"type": "Point", "coordinates": [106.9354536, -6.405283299999999, 0]}, "properties": {"id": "ChIJ1yI0TjiVaS4Rq5L8cUyMWuQ", "latitude": "-6.405283299999999", "longitude": "106.9354536", "name": "Nasi Kuning Balebat", "description": "HWVP+V5P, Cikeas Udik", "tenant_type": "umkm-seasonal", "period": "6", "transaction_per_day": "1863000", "tenant_area": "4 m x 3 m", "target_market": "Warga, pejalan kaki, pekerja kantoran", "revenue_per_month": "55890000", "transaction_per_buyer": "27000", "rent_trend": "0.0", "rent_price_annual": "17500000", "rent_expiry_date": "none", "tanggal_survey": "23-Agu-2026", "kondisi_bangunan": "bagus", "moda_terhubung": "LRT", "jarak_ke_stasiun_meter": 4562.9, "nearest_station_verified": "bojong_nangka"}}, {"type": "Feature", "geometry": {"type": "Point", "coordinates": [106.9355836, -6.4056704, 0]}, "properties": {"id": "ChIJpSpAgcKUaS4ROLz3arcyMvg", "latitude": "-6.4056704", "longitude": "106.9355836", "name": "Bubur Jamu Komplit Mirasa", "description": "Indonesia", "tenant_type": "umkm-seasonal", "period": "1", "transaction_per_day": "3300000", "tenant_area": "4 m x 3 m", "target_market": "pekerja kantoran, pejalan kaki, warga", "revenue_per_month": "99000000", "transaction_per_buyer": "75000", "rent_trend": "0.0", "rent_price_annual": "32500000", "rent_expiry_date": "none", "tanggal_survey": "31-Agu-2026", "kondisi_bangunan": "bagus", "moda_terhubung": "LRT", "jarak_ke_stasiun_meter": 4548.7, "nearest_station_verified": "bojong_nangka"}}, {"type": "Feature", "geometry": {"type": "Point", "coordinates": [106.9353972, -6.405252200000001, 0]}, "properties": {"id": "ChIJJYHKfMKUaS4RWs2UShvj7vU", "latitude": "-6.405252200000001", "longitude": "106.9353972", "name": "Salira Ayam Bakar Kalasan", "description": "HWVP+V5P, Jalan Akses Tol Cimanggis No.13, Cikeas Udik", "tenant_type": "umkm-tetap", "period": "9", "transaction_per_day": "1333000", "tenant_area": "4 m x 4 m", "target_market": "pekerja kantoran, pejalan kaki", "revenue_per_month": "39990000", "transaction_per_buyer": "31000", "rent_trend": "5.77", "rent_price_annual": "9500000", "rent_expiry_date": "none", "tanggal_survey": "23-Agu-2026", "kondisi_bangunan": "bagus", "moda_terhubung": "LRT", "jarak_ke_stasiun_meter": 4560.0, "nearest_station_verified": "bojong_nangka"}}, {"type": "Feature", "geometry": {"type": "Point", "coordinates": [106.9353972, -6.405252, 0]}, "properties": {"id": "ChIJC7OiElOVaS4Rrwg4SDGtFWI", "latitude": "-6.405252", "longitude": "106.9353972", "name": "Pecel lele Nur indah jaya", "description": "Jalan Akses Tol Cimanggis No.21, Cikeas Udik", "tenant_type": "umkm-tetap", "period": "1", "transaction_per_day": "1440000", "tenant_area": "4 m x 4 m", "target_market": "pejalan kaki, pekerja kantoran", "revenue_per_month": "43200000", "transaction_per_buyer": "45000", "rent_trend": "0.0", "rent_price_annual": "11000000", "rent_expiry_date": "none", "tanggal_survey": "23-Agu-2026", "kondisi_bangunan": "bagus", "moda_terhubung": "LRT", "jarak_ke_stasiun_meter": 4560.0, "nearest_station_verified": "bojong_nangka"}}, {"type": "Feature", "geometry": {"type": "Point", "coordinates": [106.9356628, -6.4058224, 0]}, "properties": {"id": "ChIJt7JCgcKUaS4RHhbU568MR28", "latitude": "-6.4058224", "longitude": "106.9356628", "name": "Rm Nazwa Minang", "description": "Jalan Letda Nasir, Cikeas Udik", "tenant_type": "umkm-seasonal", "period": "5", "transaction_per_day": "7663000", "tenant_area": "4 m x 3 m", "target_market": "pejalan kaki, pekerja kantoran", "revenue_per_month": "229890000", "transaction_per_buyer": "97000", "rent_trend": "0.0", "rent_price_annual": "84500000", "rent_expiry_date": "none", "tanggal_survey": "23-Agu-2026", "kondisi_bangunan": "bagus", "moda_terhubung": "LRT", "jarak_ke_stasiun_meter": 4545.7, "nearest_station_verified": "bojong_nangka"}}, {"type": "Feature", "geometry": {"type": "Point", "coordinates": [106.9353816, -6.405481499999999, 0]}, "properties": {"id": "ChIJGYM9AwCVaS4ReDPMnl5w5UU", "latitude": "-6.405481499999999", "longitude": "106.9353816", "name": "Bubur sumsum candil Cikeas polri", "description": "Jalan Akses Tol Cimanggis, Cikeas Udik", "tenant_type": "umkm-tetap", "period": "4", "transaction_per_day": "1638000", "tenant_area": "4 m x 3 m", "target_market": "pekerja kantoran, pejalan kaki", "revenue_per_month": "49140000", "transaction_per_buyer": "63000", "rent_trend": "0.0", "rent_price_annual": "13000000", "rent_expiry_date": "none", "tanggal_survey": "23-Agu-2026", "kondisi_bangunan": "bagus", "moda_terhubung": "LRT", "jarak_ke_stasiun_meter": 4543.3, "nearest_station_verified": "bojong_nangka"}}, {"type": "Feature", "geometry": {"type": "Point", "coordinates": [106.8544159, -6.5251655, 0]}, "properties": {"id": "ChIJt_872SLBaS4R7guvIHQ7c1c", "latitude": "-6.5251655", "longitude": "106.8544159", "name": "BiglandOtel Sentul Suites & Convention", "description": "Jalan Olympic Raya No.4A, Sentul", "tenant_type": "umkm-tetap", "period": "3", "transaction_per_day": "3192000", "tenant_area": "4 m x 3 m", "target_market": "pejalan kaki, pekerja kantoran", "revenue_per_month": "95760000", "transaction_per_buyer": "42000", "rent_trend": "0.0", "rent_price_annual": "32500000", "rent_expiry_date": "none", "tanggal_survey": "23-Agu-2026", "kondisi_bangunan": "bagus", "moda_terhubung": "LRT", "jarak_ke_stasiun_meter": 1217.6, "nearest_station_verified": "sentul"}}, {"type": "Feature", "geometry": {"type": "Point", "coordinates": [106.8553675, -6.523702699999999, 0]}, "properties": {"id": "ChIJlRyiBFTBaS4RLFk0SMPBFeg", "latitude": "-6.523702699999999", "longitude": "106.8553675", "name": "FU Soup & Noodle Bar", "description": "CBD, Kavling Commercial Area 1, Jalan Surya Raya Jalan Olympic Raya, Sentul", "tenant_type": "umkm-tetap", "period": "6", "transaction_per_day": "1540000", "tenant_area": "4 m x 4 m", "target_market": "pekerja kantoran, pejalan kaki", "revenue_per_month": "46200000", "transaction_per_buyer": "28000", "rent_trend": "0.0", "rent_price_annual": "12500000", "rent_expiry_date": "none", "tanggal_survey": "23-Agu-2026", "kondisi_bangunan": "bagus", "moda_terhubung": "LRT", "jarak_ke_stasiun_meter": 1360.9, "nearest_station_verified": "sentul"}}, {"type": "Feature", "geometry": {"type": "Point", "coordinates": [106.8574982, -6.5249473, 0]}, "properties": {"id": "ChIJXaMu2qLBaS4Rf_bZbddhOX0", "latitude": "-6.5249473", "longitude": "106.8574982", "name": "Soto Seger Salatiga", "description": "Jalan Raya Sirkuit Sentul No.12, RT.04/RW.02, Sentul", "tenant_type": "umkm-tetap", "period": "2", "transaction_per_day": "5376000", "tenant_area": "4 m x 3 m", "target_market": "pekerja kantoran, pejalan kaki", "revenue_per_month": "161280000", "transaction_per_buyer": "84000", "rent_trend": "0.0", "rent_price_annual": "57500000", "rent_expiry_date": "none", "tanggal_survey": "23-Agu-2026", "kondisi_bangunan": "bagus", "moda_terhubung": "LRT", "jarak_ke_stasiun_meter": 1216.2, "nearest_station_verified": "sentul"}}, {"type": "Feature", "geometry": {"type": "Point", "coordinates": [106.8577641, -6.5246245, 0]}, "properties": {"id": "ChIJdW8WFSLBaS4RWAkECbxi55g", "latitude": "-6.5246245", "longitude": "106.8577641", "name": "Kedai Ayam Bakar Hikmah", "description": "Indonesia", "tenant_type": "umkm-seasonal", "period": "3", "transaction_per_day": "1482000", "tenant_area": "4 m x 3 m", "target_market": "pekerja kantoran, pejalan kaki, warga", "revenue_per_month": "44460000", "transaction_per_buyer": "38000", "rent_trend": "0.0", "rent_price_annual": "12000000", "rent_expiry_date": "none", "tanggal_survey": "23-Agu-2026", "kondisi_bangunan": "bagus", "moda_terhubung": "LRT", "jarak_ke_stasiun_meter": 1254.2, "nearest_station_verified": "sentul"}}, {"type": "Feature", "geometry": {"type": "Point", "coordinates": [106.8573858, -6.5251605, 0]}, "properties": {"id": "ChIJe1XrRiLBaS4R3gd4UV4qrmg", "latitude": "-6.5251605", "longitude": "106.8573858", "name": "Pak Kumis 99 Warung Nasi Surabaya", "description": "Indonesia", "tenant_type": "umkm-tetap", "period": "5", "transaction_per_day": "2772000", "tenant_area": "3.5 m x 3 m", "target_market": "pekerja kantoran, pejalan kaki", "revenue_per_month": "83160000", "transaction_per_buyer": "33000", "rent_trend": "7.54", "rent_price_annual": "26000000", "rent_expiry_date": "none", "tanggal_survey": "23-Agu-2026", "kondisi_bangunan": "bagus", "moda_terhubung": "MRT", "jarak_ke_stasiun_meter": 1191.7, "nearest_station_verified": "sentul"}}, {"type": "Feature", "geometry": {"type": "Point", "coordinates": [106.857897, -6.524712500000001, 0]}, "properties": {"id": "ChIJZQ563CTBaS4RYnnMfl3q6R0", "latitude": "-6.524712500000001", "longitude": "106.857897", "name": "Warteg Kharisma Bahari", "description": "Indonesia", "tenant_type": "umkm-seasonal", "period": "9", "transaction_per_day": "2079000", "tenant_area": "4 m x 3 m", "target_market": "pejalan kaki, pekerja kantoran", "revenue_per_month": "62370000", "transaction_per_buyer": "77000", "rent_trend": "0.0", "rent_price_annual": "21000000", "rent_expiry_date": "none", "tanggal_survey": "23-Agu-2026", "kondisi_bangunan": "bagus", "moda_terhubung": "MRT", "jarak_ke_stasiun_meter": 1245.8, "nearest_station_verified": "sentul"}}, {"type": "Feature", "geometry": {"type": "Point", "coordinates": [106.8575109, -6.525235099999999, 0]}, "properties": {"id": "ChIJV0U8mGHBaS4R02ZVi8j0RPE", "latitude": "-6.525235099999999", "longitude": "106.8575109", "name": "SEAFOOD 2 PUTRA", "description": "depan pintu masuk sirkuit kecil/ gokar, Jalan Raya Sirkuit Sentul, Sentul", "tenant_type": "umkm-tetap", "period": "2", "transaction_per_day": "910000", "tenant_area": "4 m x 3 m", "target_market": "pejalan kaki, pekerja kantoran", "revenue_per_month": "27300000", "transaction_per_buyer": "26000", "rent_trend": "0.0", "rent_price_annual": "6500000", "rent_expiry_date": "none", "tanggal_survey": "23-Agu-2026", "kondisi_bangunan": "bagus", "moda_terhubung": "LRT", "jarak_ke_stasiun_meter": 1184.3, "nearest_station_verified": "sentul"}}, {"type": "Feature", "geometry": {"type": "Point", "coordinates": [106.8575073, -6.5252399, 0]}, "properties": {"id": "ChIJY6evX23BaS4RHhIfNCCxdbY", "latitude": "-6.5252399", "longitude": "106.8575073", "name": "Nasi Goreng Mas Yono", "description": "FVF5+W22, Jalan Tangkil - Agrabinta, Sentul", "tenant_type": "umkm-tetap", "period": "10", "transaction_per_day": "2772000", "tenant_area": "4 m x 3 m", "target_market": "Warga, pejalan kaki, pekerja kantoran", "revenue_per_month": "83160000", "transaction_per_buyer": "84000", "rent_trend": "0.0", "rent_price_annual": "25500000", "rent_expiry_date": "none", "tanggal_survey": "23-Agu-2026", "kondisi_bangunan": "bagus", "moda_terhubung": "LRT", "jarak_ke_stasiun_meter": 1183.8, "nearest_station_verified": "sentul"}}, {"type": "Feature", "geometry": {"type": "Point", "coordinates": [106.8575098, -6.5252512, 0]}, "properties": {"id": "ChIJj0Rl2prBaS4RPckTYCrt-8E", "latitude": "-6.5252512", "longitude": "106.8575098", "name": "WARTEG PUTRA BAHARI 142", "description": "FVF5+V2R, Jalan Tangkil - Agrabinta, Sentul", "tenant_type": "umkm-tetap", "period": "8", "transaction_per_day": "9025000", "tenant_area": "4 m x 3 m", "target_market": "pekerja kantoran, pejalan kaki", "revenue_per_month": "270750000", "transaction_per_buyer": "95000", "rent_trend": "0.0", "rent_price_annual": "100000000", "rent_expiry_date": "none", "tanggal_survey": "23-Agu-2026", "kondisi_bangunan": "bagus", "moda_terhubung": "LRT", "jarak_ke_stasiun_meter": 1182.5, "nearest_station_verified": "sentul"}}, {"type": "Feature", "geometry": {"type": "Point", "coordinates": [106.857171, -6.525490500000001, 0]}, "properties": {"id": "ChIJdWo88jfBaS4R64_atZiG3rw", "latitude": "-6.525490500000001", "longitude": "106.857171", "name": "Ketoprak Moro Seneng", "description": "Jalan Raya Sirkuit Sentul No.24, Sentul", "tenant_type": "umkm-tetap", "period": "2", "transaction_per_day": "2312000", "tenant_area": "4 m x 3 m", "target_market": "pekerja kantoran, pejalan kaki", "revenue_per_month": "69360000", "transaction_per_buyer": "68000", "rent_trend": "0.0", "rent_price_annual": "21500000", "rent_expiry_date": "none", "tanggal_survey": "30-Agu-2026", "kondisi_bangunan": "bagus", "moda_terhubung": "LRT", "jarak_ke_stasiun_meter": 1154.0, "nearest_station_verified": "sentul"}}, {"type": "Feature", "geometry": {"type": "Point", "coordinates": [106.8582291, -6.524143, 0]}, "properties": {"id": "ChIJ-2TtuFXBaS4R96o84keRCeA", "latitude": "-6.524143", "longitude": "106.8582291", "name": "Gang Warung Nasi Sunda", "description": "Sentul", "tenant_type": "umkm-seasonal", "period": "5", "transaction_per_day": "2720000", "tenant_area": "4 m x 4 m", "target_market": "Warga, pejalan kaki, pekerja kantoran", "revenue_per_month": "81600000", "transaction_per_buyer": "32000", "rent_trend": "0.0", "rent_price_annual": "28000000", "rent_expiry_date": "none", "tanggal_survey": "23-Agu-2026", "kondisi_bangunan": "bagus", "moda_terhubung": "LRT", "jarak_ke_stasiun_meter": 1312.8, "nearest_station_verified": "sentul"}}, {"type": "Feature", "geometry": {"type": "Point", "coordinates": [106.8582308, -6.523825, 0]}, "properties": {"id": "ChIJV0_FDiLBaS4RF6YNt6xEaEQ", "latitude": "-6.523825", "longitude": "106.8582308", "name": "ASINAN BOGOR EVI", "description": "Jalan Pahlawan No.474, Sentul", "tenant_type": "umkm-seasonal", "period": "7", "transaction_per_day": "3621000", "tenant_area": "3.5 m x 3.5 m", "target_market": "pekerja kantoran, warga", "revenue_per_month": "108630000", "transaction_per_buyer": "71000", "rent_trend": "0.0", "rent_price_annual": "38000000", "rent_expiry_date": "none", "tanggal_survey": "30-Agu-2026", "kondisi_bangunan": "bagus", "moda_terhubung": "LRT", "jarak_ke_stasiun_meter": 1347.9, "nearest_station_verified": "sentul"}}, {"type": "Feature", "geometry": {"type": "Point", "coordinates": [106.8572102, -6.5256076, 0]}, "properties": {"id": "ChIJ5709e0vBaS4RrDY91AsyUi8", "latitude": "-6.5256076", "longitude": "106.8572102", "name": "SOTO BOGOR APIH ANANG", "description": "FVF4+QV4, Sentul", "tenant_type": "umkm-seasonal", "period": "8", "transaction_per_day": "4838000", "tenant_area": "3.5 m x 3.5 m", "target_market": "Warga, pejalan kaki, pekerja kantoran", "revenue_per_month": "145140000", "transaction_per_buyer": "59000", "rent_trend": "0.0", "rent_price_annual": "51000000", "rent_expiry_date": "none", "tanggal_survey": "23-Agu-2026", "kondisi_bangunan": "bagus", "moda_terhubung": "LRT", "jarak_ke_stasiun_meter": 1141.1, "nearest_station_verified": "sentul"}}, {"type": "Feature", "geometry": {"type": "Point", "coordinates": [106.8582687, -6.5240452, 0]}, "properties": {"id": "ChIJ8-_zEyLBaS4RojF62gNCO-c", "latitude": "-6.5240452", "longitude": "106.8582687", "name": "RM.Karya Baru", "description": "FVG5+98J, Jalan Raya Sirkuit Sentul, Sentul", "tenant_type": "umkm-seasonal", "period": "1", "transaction_per_day": "4200000", "tenant_area": "4 m x 3 m", "target_market": "pekerja kantoran, pejalan kaki", "revenue_per_month": "126000000", "transaction_per_buyer": "60000", "rent_trend": "0.0", "rent_price_annual": "42000000", "rent_expiry_date": "none", "tanggal_survey": "23-Agu-2026", "kondisi_bangunan": "bagus", "moda_terhubung": "LRT", "jarak_ke_stasiun_meter": 1324.1, "nearest_station_verified": "sentul"}}, {"type": "Feature", "geometry": {"type": "Point", "coordinates": [106.8582774, -6.524114399999999, 0]}, "properties": {"id": "ChIJ8dyLXgDBaS4RDgulPBhom6g", "latitude": "-6.524114399999999", "longitude": "106.8582774", "name": "WARNASUNDA", "description": "Jalan Raya Sirkuit Sentul No.53, Sentul", "tenant_type": "umkm-tetap", "period": "6", "transaction_per_day": "3256000", "tenant_area": "4 m x 4 m", "target_market": "Warga, pejalan kaki, pekerja kantoran", "revenue_per_month": "97680000", "transaction_per_buyer": "74000", "rent_trend": "0.0", "rent_price_annual": "32000000", "rent_expiry_date": "none", "tanggal_survey": "23-Agu-2026", "kondisi_bangunan": "bagus", "moda_terhubung": "LRT", "jarak_ke_stasiun_meter": 1316.6, "nearest_station_verified": "sentul"}}, {"type": "Feature", "geometry": {"type": "Point", "coordinates": [106.8583374, -6.523873699999998, 0]}, "properties": {"id": "ChIJYQWUYwDBaS4RE4nx7IGbdrE", "latitude": "-6.523873699999998", "longitude": "106.8583374", "name": "AYAM PENYET PRIBUMI CABANG 3", "description": "FVG5+F84, Sentul", "tenant_type": "umkm-seasonal", "period": "1", "transaction_per_day": "2156000", "tenant_area": "4 m x 3 m", "target_market": "Warga, pejalan kaki, pekerja kantoran", "revenue_per_month": "64680000", "transaction_per_buyer": "28000", "rent_trend": "0.0", "rent_price_annual": "20000000", "rent_expiry_date": "none", "tanggal_survey": "23-Agu-2026", "kondisi_bangunan": "bagus", "moda_terhubung": "LRT", "jarak_ke_stasiun_meter": 1344.0, "nearest_station_verified": "sentul"}}, {"type": "Feature", "geometry": {"type": "Point", "coordinates": [106.8568272, -6.525941599999999, 0]}, "properties": {"id": "ChIJ9YEnRPjBaS4RVhuVTZ5AtcI", "latitude": "-6.525941599999999", "longitude": "106.8568272", "name": "Nasi Goreng Panorama", "description": "Unnamed Road, Sentul", "tenant_type": "umkm-tetap", "period": "2", "transaction_per_day": "2132000", "tenant_area": "4 m x 3 m", "target_market": "pekerja kantoran, pejalan kaki, warga", "revenue_per_month": "63960000", "transaction_per_buyer": "26000", "rent_trend": "0.0", "rent_price_annual": "20000000", "rent_expiry_date": "none", "tanggal_survey": "31-Agu-2026", "kondisi_bangunan": "bagus", "moda_terhubung": "LRT", "jarak_ke_stasiun_meter": 1103.0, "nearest_station_verified": "sentul"}}, {"type": "Feature", "geometry": {"type": "Point", "coordinates": [106.8583898, -6.523514800000001, 0]}, "properties": {"id": "ChIJcd5tfrnBaS4R0g5I8aSHDKY", "latitude": "-6.523514800000001", "longitude": "106.8583898", "name": "BUBUR AYAM / KACANG IJO BANG JUN 2", "description": "Jalan Pahlawan No.466, Leuwinutug", "tenant_type": "umkm-tetap", "period": "1", "transaction_per_day": "2430000", "tenant_area": "5 m x 5 m", "target_market": "pekerja kantoran, pejalan kaki", "revenue_per_month": "72900000", "transaction_per_buyer": "30000", "rent_trend": "0.0", "rent_price_annual": "22000000", "rent_expiry_date": "none", "tanggal_survey": "23-Agu-2026", "kondisi_bangunan": "bagus", "moda_terhubung": "MRT", "jarak_ke_stasiun_meter": 1384.3, "nearest_station_verified": "sentul"}}, {"type": "Feature", "geometry": {"type": "Point", "coordinates": [106.8566397, -6.526064499999999, 0]}, "properties": {"id": "ChIJda-scQDBaS4RQIloyKQrIVw", "latitude": "-6.526064499999999", "longitude": "106.8566397", "name": "Nasi Bebek Sirkuit", "description": "Jalan Raya Sirkuit Sentul, Sentul", "tenant_type": "umkm-tetap", "period": "5", "transaction_per_day": "3198000", "tenant_area": "4 m x 3 m", "target_market": "pekerja kantoran, pejalan kaki, warga", "revenue_per_month": "95940000", "transaction_per_buyer": "78000", "rent_trend": "0.0", "rent_price_annual": "30500000", "rent_expiry_date": "none", "tanggal_survey": "23-Agu-2026", "kondisi_bangunan": "bagus", "moda_terhubung": "LRT", "jarak_ke_stasiun_meter": 1089.4, "nearest_station_verified": "sentul"}}, {"type": "Feature", "geometry": {"type": "Point", "coordinates": [106.8585129, -6.523469899999998, 0]}, "properties": {"id": "ChIJzdditWjBaS4R5G__v_mjeSU", "latitude": "-6.523469899999998", "longitude": "106.8585129", "name": "Balissan Local Bistro", "description": "Jalan Raya Sirkuit Sentul, Leuwinutug", "tenant_type": "umkm-tetap", "period": "10", "transaction_per_day": "2156000", "tenant_area": "4 m x 3 m", "target_market": "Warga, pejalan kaki, pekerja kantoran", "revenue_per_month": "64680000", "transaction_per_buyer": "28000", "rent_trend": "0.0", "rent_price_annual": "21000000", "rent_expiry_date": "none", "tanggal_survey": "23-Agu-2026", "kondisi_bangunan": "bagus", "moda_terhubung": "LRT", "jarak_ke_stasiun_meter": 1391.1, "nearest_station_verified": "sentul"}}, {"type": "Feature", "geometry": {"type": "Point", "coordinates": [106.8562225, -6.5316243, 0]}, "properties": {"id": "ChIJofKXbbXFaS4RPuyImDEXVf8", "latitude": "-6.5316243", "longitude": "106.8562225", "name": "LORIN Sentul Hotel", "description": "Lorin Sentul, Kawasan Sirkuit Sentul Internasional Exit Toll Sirkuit Sentul, Jalan Tol Jagorawi No.32, Sentul", "tenant_type": "umkm-tetap", "period": "9", "transaction_per_day": "6006000", "tenant_area": "4 m x 3 m", "target_market": "pekerja kantoran, warga", "revenue_per_month": "180180000", "transaction_per_buyer": "78000", "rent_trend": "0.0", "rent_price_annual": "66500000", "rent_expiry_date": "none", "tanggal_survey": "23-Agu-2026", "kondisi_bangunan": "bagus", "moda_terhubung": "LRT", "jarak_ke_stasiun_meter": 475.1, "nearest_station_verified": "sentul"}}, {"type": "Feature", "geometry": {"type": "Point", "coordinates": [106.8565771, -6.531736799999999, 0]}, "properties": {"id": "ChIJbdkJpiXBaS4RmRMwnv9CWaE", "latitude": "-6.531736799999999", "longitude": "106.8565771", "name": "TROPHY RESTO", "description": "Lorin Sentul, Kawasan Sirkuit Sentul Internasional Exit Toll Sirkuit Sentul Km.32 Jagorawi Citeureup, Sentul Babakan Madang 2nd Building LORIN Sentul Hotel, Jalan Tol Jagorawi No.Km.32, Sentul, Sentul", "tenant_type": "umkm-tetap", "period": "6", "transaction_per_day": "5916000", "tenant_area": "4 m x 3 m", "target_market": "pekerja kantoran, pejalan kaki", "revenue_per_month": "177480000", "transaction_per_buyer": "87000", "rent_trend": "0.0", "rent_price_annual": "64000000", "rent_expiry_date": "none", "tanggal_survey": "23-Agu-2026", "kondisi_bangunan": "bagus", "moda_terhubung": "LRT", "jarak_ke_stasiun_meter": 459.1, "nearest_station_verified": "sentul"}}, {"type": "Feature", "geometry": {"type": "Point", "coordinates": [106.8544159, -6.5251655, 0]}, "properties": {"id": "ChIJt_872SLBaS4R7guvIHQ7c1c", "latitude": "-6.5251655", "longitude": "106.8544159", "name": "BiglandOtel Sentul Suites & Convention", "description": "Jalan Olympic Raya No.4A, Sentul", "tenant_type": "umkm-seasonal", "period": "1", "transaction_per_day": "2982000", "tenant_area": "4 m x 3 m", "target_market": "Warga, pejalan kaki, pekerja kantoran", "revenue_per_month": "89460000", "transaction_per_buyer": "42000", "rent_trend": "0.0", "rent_price_annual": "28000000", "rent_expiry_date": "none", "tanggal_survey": "23-Agu-2026", "kondisi_bangunan": "bagus", "moda_terhubung": "LRT", "jarak_ke_stasiun_meter": 1217.6, "nearest_station_verified": "sentul"}}, {"type": "Feature", "geometry": {"type": "Point", "coordinates": [106.8538515, -6.531622899999999, 0]}, "properties": {"id": "ChIJQ9IDBADBaS4RsogYT2VdCcY", "latitude": "-6.531622899999999", "longitude": "106.8538515", "name": "Pecel Ayam & Lele Lek Dalijo", "description": "Jalan Raya Sirkuit Sentul No.188, Sentul", "tenant_type": "umkm-tetap", "period": "1", "transaction_per_day": "4148000", "tenant_area": "4 m x 3 m", "target_market": "pejalan kaki, pekerja kantoran", "revenue_per_month": "124440000", "transaction_per_buyer": "68000", "rent_trend": "0.0", "rent_price_annual": "42000000", "rent_expiry_date": "none", "tanggal_survey": "23-Agu-2026", "kondisi_bangunan": "bagus", "moda_terhubung": "LRT", "jarak_ke_stasiun_meter": 571.5, "nearest_station_verified": "sentul"}}, {"type": "Feature", "geometry": {"type": "Point", "coordinates": [106.8536878, -6.5319123, 0]}, "properties": {"id": "ChIJ2SgrrKPBaS4RKh7SCdOwLu0", "latitude": "-6.5319123", "longitude": "106.8536878", "name": "Deabag", "description": "FV93+6FP, Jalan Raya Sirkuit Sentul, Sentul", "tenant_type": "umkm-tetap", "period": "2", "transaction_per_day": "5162000", "tenant_area": "4 m x 3 m", "target_market": "pekerja kantoran, pejalan kaki", "revenue_per_month": "154860000", "transaction_per_buyer": "58000", "rent_trend": "0.0", "rent_price_annual": "53000000", "rent_expiry_date": "none", "tanggal_survey": "23-Agu-2026", "kondisi_bangunan": "bagus", "moda_terhubung": "LRT", "jarak_ke_stasiun_meter": 556.2, "nearest_station_verified": "sentul"}}, {"type": "Feature", "geometry": {"type": "Point", "coordinates": [106.8538929, -6.531422600000001, 0]}, "properties": {"id": "ChIJc8khzpDBaS4ROsY1KBIx7Oo", "latitude": "-6.531422600000001", "longitude": "106.8538929", "name": "RM. Warung Jambu Ibu Hj. Nyai", "description": "Jalan Raya Sirkuit Sentul No.Kel, Sentul", "tenant_type": "umkm-tetap", "period": "9", "transaction_per_day": "3332000", "tenant_area": "5 m x 5 m", "target_market": "pekerja kantoran, warga", "revenue_per_month": "99960000", "transaction_per_buyer": "98000", "rent_trend": "0.0", "rent_price_annual": "35000000", "rent_expiry_date": "none", "tanggal_survey": "23-Agu-2026", "kondisi_bangunan": "bagus", "moda_terhubung": "LRT", "jarak_ke_stasiun_meter": 587.5, "nearest_station_verified": "sentul"}}, {"type": "Feature", "geometry": {"type": "Point", "coordinates": [106.8539273, -6.5318076, 0]}, "properties": {"id": "ChIJrUy3htzBaS4RrPtgWWenY6Y", "latitude": "-6.5318076", "longitude": "106.8539273", "name": "Bakso Ompong", "description": "Jalan Raya Sirkuit Sentul No.12, RT.04/RW.01, Sentul", "tenant_type": "umkm-tetap", "period": "3", "transaction_per_day": "6278000", "tenant_area": "3.5 m x 3.5 m", "target_market": "Warga, pejalan kaki, pekerja kantoran", "revenue_per_month": "188340000", "transaction_per_buyer": "86000", "rent_trend": "0.0", "rent_price_annual": "66500000", "rent_expiry_date": "none", "tanggal_survey": "23-Agu-2026", "kondisi_bangunan": "bagus", "moda_terhubung": "LRT", "jarak_ke_stasiun_meter": 549.8, "nearest_station_verified": "sentul"}}, {"type": "Feature", "geometry": {"type": "Point", "coordinates": [106.8539432, -6.531814799999999, 0]}, "properties": {"id": "ChIJ77b9LyXBaS4RDXk1tjktyTM", "latitude": "-6.531814799999999", "longitude": "106.8539432", "name": "Toko Mansyur", "description": "Jalan Raya Sirkuit Sentul No.51, Sentul", "tenant_type": "umkm-seasonal", "period": "1", "transaction_per_day": "3002000", "tenant_area": "4 m x 3 m", "target_market": "pekerja kantoran, pejalan kaki", "revenue_per_month": "90060000", "transaction_per_buyer": "38000", "rent_trend": "0.0", "rent_price_annual": "30000000", "rent_expiry_date": "none", "tanggal_survey": "23-Agu-2026", "kondisi_bangunan": "bagus", "moda_terhubung": "LRT", "jarak_ke_stasiun_meter": 548.2, "nearest_station_verified": "sentul"}}, {"type": "Feature", "geometry": {"type": "Point", "coordinates": [106.8539426, -6.5318164, 0]}, "properties": {"id": "ChIJOZV2iFnBaS4RNb2QHOnL9-g", "latitude": "-6.5318164", "longitude": "106.8539426", "name": "Bakso KampungQu Sentul", "description": "Jalan Raya Sirkuit Sentul No.12, Sentul", "tenant_type": "umkm-tetap", "period": "5", "transaction_per_day": "1944000", "tenant_area": "4 m x 3 m", "target_market": "pekerja kantoran, pejalan kaki", "revenue_per_month": "58320000", "transaction_per_buyer": "72000", "rent_trend": "0.0", "rent_price_annual": "16500000", "rent_expiry_date": "none", "tanggal_survey": "23-Agu-2026", "kondisi_bangunan": "bagus", "moda_terhubung": "MRT", "jarak_ke_stasiun_meter": 548.1, "nearest_station_verified": "sentul"}}, {"type": "Feature", "geometry": {"type": "Point", "coordinates": [106.85402, -6.531625999999999, 0]}, "properties": {"id": "ChIJudb6JSXBaS4R5k8UYFUoinM", "latitude": "-6.531625999999999", "longitude": "106.85402", "name": "Kerang Tumpalo Seafood Bang Bek", "description": "Indonesia", "tenant_type": "franchise-tetap", "period": "7", "transaction_per_day": "2808000", "tenant_area": "4 m x 3 m", "target_market": "Warga, pejalan kaki, pekerja kantoran", "revenue_per_month": "84240000", "transaction_per_buyer": "39000", "rent_trend": "0.0", "rent_price_annual": "27500000", "rent_expiry_date": "none", "tanggal_survey": "23-Agu-2026", "kondisi_bangunan": "bagus", "moda_terhubung": "LRT", "jarak_ke_stasiun_meter": 560.9, "nearest_station_verified": "sentul"}}, {"type": "Feature", "geometry": {"type": "Point", "coordinates": [106.8540312, -6.531625499999999, 0]}, "properties": {"id": "ChIJS_Pa31vBaS4Rw_3UH8lWdkA", "latitude": "-6.531625499999999", "longitude": "106.8540312", "name": "Soto mie asli Bogor karaos", "description": "Jalan Raya Sirkuit Sentul No.66, RT.02/RW.01, Sentul", "tenant_type": "umkm-seasonal", "period": "6", "transaction_per_day": "7584000", "tenant_area": "4 m x 3 m", "target_market": "pekerja kantoran, pejalan kaki", "revenue_per_month": "227520000", "transaction_per_buyer": "96000", "rent_trend": "6.44", "rent_price_annual": "84000000", "rent_expiry_date": "none", "tanggal_survey": "23-Agu-2026", "kondisi_bangunan": "bagus", "moda_terhubung": "LRT", "jarak_ke_stasiun_meter": 560.3, "nearest_station_verified": "sentul"}}, {"type": "Feature", "geometry": {"type": "Point", "coordinates": [106.853894, -6.531951299999999, 0]}, "properties": {"id": "ChIJ_Wy4VgDBaS4Rp-12V1XY0mg", "latitude": "-6.531951299999999", "longitude": "106.853894", "name": "Seblak joss sentul", "description": "FV93+6H6, Jalan Raya Sirkuit Sentul, Sanja", "tenant_type": "umkm-tetap", "period": "1", "transaction_per_day": "2064000", "tenant_area": "4 m x 3 m", "target_market": "Warga, pejalan kaki, pekerja kantoran", "revenue_per_month": "61920000", "transaction_per_buyer": "86000", "rent_trend": "0.0", "rent_price_annual": "20000000", "rent_expiry_date": "none", "tanggal_survey": "23-Agu-2026", "kondisi_bangunan": "bagus", "moda_terhubung": "MRT", "jarak_ke_stasiun_meter": 539.0, "nearest_station_verified": "sentul"}}, {"type": "Feature", "geometry": {"type": "Point", "coordinates": [106.8540411, -6.531624900000001, 0]}, "properties": {"id": "ChIJp5aoNgDBaS4Rbui6GUATjR4", "latitude": "-6.531624900000001", "longitude": "106.8540411", "name": "Es O’yen dan Siomay Bandung Sentul", "description": "Sanja, Jalan Raya Sirkuit Sentul, Sentul", "tenant_type": "umkm-tetap", "period": "5", "transaction_per_day": "5568000", "tenant_area": "4 m x 3 m", "target_market": "pekerja kantoran, pejalan kaki", "revenue_per_month": "167040000", "transaction_per_buyer": "64000", "rent_trend": "0.0", "rent_price_annual": "58500000", "rent_expiry_date": "none", "tanggal_survey": "23-Agu-2026", "kondisi_bangunan": "bagus", "moda_terhubung": "LRT", "jarak_ke_stasiun_meter": 559.7, "nearest_station_verified": "sentul"}}, {"type": "Feature", "geometry": {"type": "Point", "coordinates": [106.8538815, -6.5319731, 0]}, "properties": {"id": "ChIJh1J9wyTBaS4Rb7rswoL8Z9E", "latitude": "-6.5319731", "longitude": "106.8538815", "name": "Martabak Bangka Air Mancur", "description": "JL Raya Sentul, RT 2 RW 1, Kadumangu, Babakan Madang, Sentul", "tenant_type": "umkm-seasonal", "period": "5", "transaction_per_day": "1925000", "tenant_area": "4 m x 3 m", "target_market": "Warga, pejalan kaki, pekerja kantoran", "revenue_per_month": "57750000", "transaction_per_buyer": "77000", "rent_trend": "0.0", "rent_price_annual": "15000000", "rent_expiry_date": "none", "tanggal_survey": "23-Agu-2026", "kondisi_bangunan": "bagus", "moda_terhubung": "LRT", "jarak_ke_stasiun_meter": 537.9, "nearest_station_verified": "sentul"}}, {"type": "Feature", "geometry": {"type": "Point", "coordinates": [106.8536751, -6.532145900000001, 0]}, "properties": {"id": "ChIJJWeJegDBaS4RJBn59YLZKBM", "latitude": "-6.532145900000001", "longitude": "106.8536751", "name": "Bubur Ayam Sentul Djokomulyo", "description": "Jalan Raya Sirkuit Sentul No.50, Sentul", "tenant_type": "umkm-seasonal", "period": "6", "transaction_per_day": "3168000", "tenant_area": "4 m x 3 m", "target_market": "pekerja kantoran, pejalan kaki", "revenue_per_month": "95040000", "transaction_per_buyer": "48000", "rent_trend": "6.44", "rent_price_annual": "30000000", "rent_expiry_date": "none", "tanggal_survey": "23-Agu-2026", "kondisi_bangunan": "bagus", "moda_terhubung": "LRT", "jarak_ke_stasiun_meter": 536.8, "nearest_station_verified": "sentul"}}, {"type": "Feature", "geometry": {"type": "Point", "coordinates": [106.8536103, -6.532181899999999, 0]}, "properties": {"id": "ChIJFSdQMSXBaS4RUFiq21p3kuk", "latitude": "-6.532181899999999", "longitude": "106.8536103", "name": "Warung Sate Pak Min", "description": "Jalan Raya Sirkuit Sentul No.09, Sentul", "tenant_type": "umkm-seasonal", "period": "3", "transaction_per_day": "3700000", "tenant_area": "4 m x 3 m", "target_market": "pejalan kaki, pekerja kantoran", "revenue_per_month": "111000000", "transaction_per_buyer": "50000", "rent_trend": "0.0", "rent_price_annual": "39500000", "rent_expiry_date": "none", "tanggal_survey": "23-Agu-2026", "kondisi_bangunan": "bagus", "moda_terhubung": "LRT", "jarak_ke_stasiun_meter": 538.4, "nearest_station_verified": "sentul"}}, {"type": "Feature", "geometry": {"type": "Point", "coordinates": [106.8538482, -6.5320736, 0]}, "properties": {"id": "ChIJn_1XNwDBaS4RFyRfOd1S1dE", "latitude": "-6.5320736", "longitude": "106.8538482", "name": "warteg bogarasa sentul", "description": "FV93+5GH, Jalan Raya Sirkuit Sentul, Sentul", "tenant_type": "umkm-seasonal", "period": "5", "transaction_per_day": "4956000", "tenant_area": "4 m x 3 m", "target_market": "pekerja kantoran, warga", "revenue_per_month": "148680000", "transaction_per_buyer": "84000", "rent_trend": "0.0", "rent_price_annual": "54000000", "rent_expiry_date": "none", "tanggal_survey": "23-Agu-2026", "kondisi_bangunan": "bagus", "moda_terhubung": "MRT", "jarak_ke_stasiun_meter": 531.1, "nearest_station_verified": "sentul"}}, {"type": "Feature", "geometry": {"type": "Point", "coordinates": [106.8538427, -6.532114999999999, 0]}, "properties": {"id": "ChIJB2ThMCXBaS4RX1U_lvS3vjU", "latitude": "-6.532114999999999", "longitude": "106.8538427", "name": "Bundo Kito Resto", "description": "FV93+5G4, Babakan Madang Citeureup, Jalan Raya Sirkuit Sentul, Sentul", "tenant_type": "umkm-tetap", "period": "7", "transaction_per_day": "4615000", "tenant_area": "3 m x 3 m", "target_market": "pekerja kantoran, warga", "revenue_per_month": "138450000", "transaction_per_buyer": "65000", "rent_trend": "6.44", "rent_price_annual": "49000000", "rent_expiry_date": "none", "tanggal_survey": "23-Agu-2026", "kondisi_bangunan": "bagus", "moda_terhubung": "LRT", "jarak_ke_stasiun_meter": 527.9, "nearest_station_verified": "sentul"}}, {"type": "Feature", "geometry": {"type": "Point", "coordinates": [106.8539785, -6.5310492, 0]}, "properties": {"id": "ChIJg0q5FfPBaS4RGozfG7DGvTg", "latitude": "-6.5310492", "longitude": "106.8539785", "name": "R.Hj. Aminah", "description": "Jalan Raya Sirkuit Sentul No.15, Sentul", "tenant_type": "umkm-tetap", "period": "5", "transaction_per_day": "1855000", "tenant_area": "3.5 m x 3 m", "target_market": "pekerja kantoran, pejalan kaki, warga", "revenue_per_month": "55650000", "transaction_per_buyer": "53000", "rent_trend": "0.0", "rent_price_annual": "17000000", "rent_expiry_date": "none", "tanggal_survey": "23-Agu-2026", "kondisi_bangunan": "bagus", "moda_terhubung": "LRT", "jarak_ke_stasiun_meter": 618.0, "nearest_station_verified": "sentul"}}, {"type": "Feature", "geometry": {"type": "Point", "coordinates": [106.8540277, -6.531057, 0]}, "properties": {"id": "ChIJeZEFGEDBaS4RNjD8BzKB9pI", "latitude": "-6.531057", "longitude": "106.8540277", "name": "Kuliner pedas aisyah", "description": "FV93+HJC, Sentul", "tenant_type": "umkm-tetap", "period": "5", "transaction_per_day": "1248000", "tenant_area": "4 m x 3 m", "target_market": "pekerja kantoran, pejalan kaki", "revenue_per_month": "37440000", "transaction_per_buyer": "39000", "rent_trend": "0.0", "rent_price_annual": "10000000", "rent_expiry_date": "none", "tanggal_survey": "23-Agu-2026", "kondisi_bangunan": "bagus", "moda_terhubung": "LRT", "jarak_ke_stasiun_meter": 614.5, "nearest_station_verified": "sentul"}}, {"type": "Feature", "geometry": {"type": "Point", "coordinates": [106.8392202, -6.577970199999999, 0]}, "properties": {"id": "ChIJTWe0Ao3GaS4ROWqGPoMUBMY", "latitude": "-6.577970199999999", "longitude": "106.8392202", "name": "Warung Nur Alif", "description": "CRCQ+RM9, Jalan Raya Cijulang, Cadas Ngampar", "tenant_type": "umkm-seasonal", "period": "5", "transaction_per_day": "3381000", "tenant_area": "3.5 m x 3.5 m", "target_market": "pekerja kantoran, pejalan kaki, warga", "revenue_per_month": "101430000", "transaction_per_buyer": "69000", "rent_trend": "0.0", "rent_price_annual": "33000000", "rent_expiry_date": "none", "tanggal_survey": "23-Agu-2026", "kondisi_bangunan": "bagus", "moda_terhubung": "LRT", "jarak_ke_stasiun_meter": 1520.3, "nearest_station_verified": "cimahpar"}}, {"type": "Feature", "geometry": {"type": "Point", "coordinates": [106.8382382, -6.577821399999999, 0]}, "properties": {"id": "ChIJrzyyq43GaS4RQt0YYGrdID8", "latitude": "-6.577821399999999", "longitude": "106.8382382", "name": "RM Bu Y Herawati", "description": "CRCQ+V7H, Jalan Babulak, Cimahpar", "tenant_type": "umkm-seasonal", "period": "10", "transaction_per_day": "3382000", "tenant_area": "4 m x 3 m", "target_market": "pekerja kantoran, pejalan kaki", "revenue_per_month": "101460000", "transaction_per_buyer": "89000", "rent_trend": "0.0", "rent_price_annual": "36000000", "rent_expiry_date": "none", "tanggal_survey": "23-Agu-2026", "kondisi_bangunan": "bagus", "moda_terhubung": "LRT", "jarak_ke_stasiun_meter": 1434.8, "nearest_station_verified": "cimahpar"}}, {"type": "Feature", "geometry": {"type": "Point", "coordinates": [106.8381629, -6.5779926, 0]}, "properties": {"id": "ChIJ5Xv0qxDHaS4RkKe-N60NREE", "latitude": "-6.5779926", "longitude": "106.8381629", "name": "Warung Wengi", "description": "Kp Jalan Babulak No.RT02/03, Cadas Ngampar", "tenant_type": "umkm-tetap", "period": "10", "transaction_per_day": "3420000", "tenant_area": "5 m x 5 m", "target_market": "pekerja kantoran, pejalan kaki", "revenue_per_month": "102600000", "transaction_per_buyer": "95000", "rent_trend": "0.0", "rent_price_annual": "34500000", "rent_expiry_date": "none", "tanggal_survey": "23-Agu-2026", "kondisi_bangunan": "bagus", "moda_terhubung": "LRT", "jarak_ke_stasiun_meter": 1417.8, "nearest_station_verified": "cimahpar"}}, {"type": "Feature", "geometry": {"type": "Point", "coordinates": [106.8381099, -6.5777188, 0]}, "properties": {"id": "ChIJtZ9yVQDFaS4R2ODsxkHg4_A", "latitude": "-6.5777188", "longitude": "106.8381099", "name": "Seblak gonjreng", "description": "CRCQ+W69, RT.02/RW.03, Bubulak", "tenant_type": "umkm-tetap", "period": "3", "transaction_per_day": "2706000", "tenant_area": "3.5 m x 3 m", "target_market": "pekerja kantoran, pejalan kaki", "revenue_per_month": "81180000", "transaction_per_buyer": "33000", "rent_trend": "0.0", "rent_price_annual": "26000000", "rent_expiry_date": "none", "tanggal_survey": "23-Agu-2026", "kondisi_bangunan": "bagus", "moda_terhubung": "LRT", "jarak_ke_stasiun_meter": 1428.8, "nearest_station_verified": "cimahpar"}}, {"type": "Feature", "geometry": {"type": "Point", "coordinates": [106.8389544, -6.578676400000001, 0]}, "properties": {"id": "ChIJKTUWQADHaS4RrnBt3hruY-Y", "latitude": "-6.578676400000001", "longitude": "106.8389544", "name": "Laksa Pa Sanim Cijulang", "description": "CRCQ+GHG, Jalan Raya Cijulang, Cadas Ngampar", "tenant_type": "umkm-tetap", "period": "1", "transaction_per_day": "950000", "tenant_area": "4 m x 3 m", "target_market": "Warga, pejalan kaki, pekerja kantoran", "revenue_per_month": "28500000", "transaction_per_buyer": "25000", "rent_trend": "0.0", "rent_price_annual": "6000000", "rent_expiry_date": "none", "tanggal_survey": "23-Agu-2026", "kondisi_bangunan": "bagus", "moda_terhubung": "LRT", "jarak_ke_stasiun_meter": 1457.7, "nearest_station_verified": "cimahpar"}}, {"type": "Feature", "geometry": {"type": "Point", "coordinates": [106.8393106, -6.578713599999999, 0]}, "properties": {"id": "ChIJ32Dr74zGaS4RXjxaMGXXnco", "latitude": "-6.578713599999999", "longitude": "106.8393106", "name": "Ayam Geprek", "description": "Indonesia", "tenant_type": "umkm-tetap", "period": "5", "transaction_per_day": "2464000", "tenant_area": "4 m x 3 m", "target_market": "pekerja kantoran, pejalan kaki, warga", "revenue_per_month": "73920000", "transaction_per_buyer": "32000", "rent_trend": "0.0", "rent_price_annual": "21500000", "rent_expiry_date": "none", "tanggal_survey": "23-Agu-2026", "kondisi_bangunan": "bagus", "moda_terhubung": "LRT", "jarak_ke_stasiun_meter": 1491.1, "nearest_station_verified": "cimahpar"}}, {"type": "Feature", "geometry": {"type": "Point", "coordinates": [106.8392744, -6.578735500000001, 0]}, "properties": {"id": "ChIJZZbo74zGaS4RqnkFTxH-AV8", "latitude": "-6.578735500000001", "longitude": "106.8392744", "name": "Bakso Solo Tigo", "description": "CRCQ+GP2, JL Kampung Cijulang RT.3/RW.03, Cadas Ngampar", "tenant_type": "umkm-seasonal", "period": "9", "transaction_per_day": "6438000", "tenant_area": "4 m x 3 m", "target_market": "Warga, pejalan kaki, pekerja kantoran", "revenue_per_month": "193140000", "transaction_per_buyer": "87000", "rent_trend": "0.0", "rent_price_annual": "68500000", "rent_expiry_date": "none", "tanggal_survey": "23-Agu-2026", "kondisi_bangunan": "bagus", "moda_terhubung": "MRT", "jarak_ke_stasiun_meter": 1486.5, "nearest_station_verified": "cimahpar"}}, {"type": "Feature", "geometry": {"type": "Point", "coordinates": [106.8388138, -6.5791675, 0]}, "properties": {"id": "ChIJtaJ4-jbHaS4Rvg_X-pLQ_Zs", "latitude": "-6.5791675", "longitude": "106.8388138", "name": "bubur ayam mas tursono", "description": "Jalan Raya Cijulang No.RT.03, RT.03, Cadas Ngampar", "tenant_type": "umkm-seasonal", "period": "1", "transaction_per_day": "2835000", "tenant_area": "4 m x 3 m", "target_market": "pekerja kantoran, pejalan kaki", "revenue_per_month": "85050000", "transaction_per_buyer": "35000", "rent_trend": "0.0", "rent_price_annual": "28500000", "rent_expiry_date": "none", "tanggal_survey": "23-Agu-2026", "kondisi_bangunan": "bagus", "moda_terhubung": "LRT", "jarak_ke_stasiun_meter": 1419.9, "nearest_station_verified": "cimahpar"}}, {"type": "Feature", "geometry": {"type": "Point", "coordinates": [106.838986, -6.5759179, 0]}, "properties": {"id": "ChIJ_TcFM2DHaS4Rdi9GYg6BgGw", "latitude": "-6.5759179", "longitude": "106.838986", "name": "Subway KM 38", "description": "CRFQ+MH7, Cimahpar", "tenant_type": "umkm-seasonal", "period": "3", "transaction_per_day": "1344000", "tenant_area": "4 m x 3 m", "target_market": "pekerja kantoran, pejalan kaki", "revenue_per_month": "40320000", "transaction_per_buyer": "32000", "rent_trend": "0.0", "rent_price_annual": "8500000", "rent_expiry_date": "none", "tanggal_survey": "23-Agu-2026", "kondisi_bangunan": "bagus", "moda_terhubung": "LRT", "jarak_ke_stasiun_meter": 1621.7, "nearest_station_verified": "cimahpar"}}, {"type": "Feature", "geometry": {"type": "Point", "coordinates": [106.8380113, -6.5761375, 0]}, "properties": {"id": "ChIJkT6wcI3GaS4RsTdSW8ICuXM", "latitude": "-6.5761375", "longitude": "106.8380113", "name": "Sate Kiloan PSK", "description": "rest area KM 38, 2, RW.50, Cimahpar", "tenant_type": "umkm-tetap", "period": "4", "transaction_per_day": "1652000", "tenant_area": "4 m x 3 m", "target_market": "pekerja kantoran, warga", "revenue_per_month": "49560000", "transaction_per_buyer": "59000", "rent_trend": "0.0", "rent_price_annual": "14500000", "rent_expiry_date": "none", "tanggal_survey": "23-Agu-2026", "kondisi_bangunan": "bagus", "moda_terhubung": "LRT", "jarak_ke_stasiun_meter": 1521.2, "nearest_station_verified": "cimahpar"}}, {"type": "Feature", "geometry": {"type": "Point", "coordinates": [106.8379191, -6.576169699999999, 0]}, "properties": {"id": "ChIJsUu3Kg_HaS4RxE438PzqGxg", "latitude": "-6.576169699999999", "longitude": "106.8379191", "name": "Makanan Khas SUNDA (Ibu haji cijantung d/h CIGANEA)", "description": "rest area KM 38, 2, RW.50, Cimahpar", "tenant_type": "umkm-tetap", "period": "1", "transaction_per_day": "1829000", "tenant_area": "4 m x 3 m", "target_market": "pekerja kantoran, pejalan kaki", "revenue_per_month": "54870000", "transaction_per_buyer": "59000", "rent_trend": "0.0", "rent_price_annual": "15000000", "rent_expiry_date": "none", "tanggal_survey": "23-Agu-2026", "kondisi_bangunan": "bagus", "moda_terhubung": "LRT", "jarak_ke_stasiun_meter": 1511.0, "nearest_station_verified": "cimahpar"}}, {"type": "Feature", "geometry": {"type": "Point", "coordinates": [106.8370857, -6.577507, 0]}, "properties": {"id": "ChIJsfFiu7zHaS4RYujeHCqInW0", "latitude": "-6.577507", "longitude": "106.8370857", "name": "Takoyaki bundes", "description": "Jalan Sukaraja No.rt02 rw 08, RT.02/RW.06, Cadas Ngampar", "tenant_type": "umkm-seasonal", "period": "1", "transaction_per_day": "1140000", "tenant_area": "3.5 m x 3.5 m", "target_market": "pekerja kantoran, pejalan kaki", "revenue_per_month": "34200000", "transaction_per_buyer": "57000", "rent_trend": "0.0", "rent_price_annual": "7500000", "rent_expiry_date": "none", "tanggal_survey": "23-Agu-2026", "kondisi_bangunan": "bagus", "moda_terhubung": "LRT", "jarak_ke_stasiun_meter": 1348.0, "nearest_station_verified": "cimahpar"}}, {"type": "Feature", "geometry": {"type": "Point", "coordinates": [106.838044, -6.576017500000002, 0]}, "properties": {"id": "ChIJS6ssGovHaS4RPQ_cT8bOyuA", "latitude": "-6.576017500000002", "longitude": "106.838044", "name": "Simpang Raya KM 38 Bogor", "description": "Cimahpar", "tenant_type": "umkm-seasonal", "period": "8", "transaction_per_day": "2233000", "tenant_area": "4 m x 10 m", "target_market": "pekerja kantoran, pejalan kaki", "revenue_per_month": "66990000", "transaction_per_buyer": "29000", "rent_trend": "0.0", "rent_price_annual": "20000000", "rent_expiry_date": "none", "tanggal_survey": "23-Agu-2026", "kondisi_bangunan": "bagus", "moda_terhubung": "LRT", "jarak_ke_stasiun_meter": 1532.3, "nearest_station_verified": "cimahpar"}}, {"type": "Feature", "geometry": {"type": "Point", "coordinates": [106.8380567, -6.575904100000001, 0]}, "properties": {"id": "ChIJcdY0vMvHaS4RgVAhi7N_q7I", "latitude": "-6.575904100000001", "longitude": "106.8380567", "name": "A Fung Bakso Sapi Asli - Rest Area KM 38", "description": "CRFQ+J6M, Cimahpar", "tenant_type": "umkm-tetap", "period": "2", "transaction_per_day": "1300000", "tenant_area": "4 m x 3 m", "target_market": "pekerja kantoran, pejalan kaki, warga", "revenue_per_month": "39000000", "transaction_per_buyer": "65000", "rent_trend": "0.0", "rent_price_annual": "9500000", "rent_expiry_date": "none", "tanggal_survey": "23-Agu-2026", "kondisi_bangunan": "bagus", "moda_terhubung": "LRT", "jarak_ke_stasiun_meter": 1541.2, "nearest_station_verified": "cimahpar"}}, {"type": "Feature", "geometry": {"type": "Point", "coordinates": [106.8371534, -6.576472099999999, 0]}, "properties": {"id": "ChIJZbFQXADHaS4RyC0Fy216bOA", "latitude": "-6.576472099999999", "longitude": "106.8371534", "name": "Warung Lia", "description": "CRFP+CV6, Jalan Babulak, Cadas Ngampar", "tenant_type": "umkm-seasonal", "period": "8", "transaction_per_day": "2756000", "tenant_area": "4 m x 3 m", "target_market": "Warga, pejalan kaki, pekerja kantoran", "revenue_per_month": "82680000", "transaction_per_buyer": "52000", "rent_trend": "0.0", "rent_price_annual": "27500000", "rent_expiry_date": "none", "tanggal_survey": "23-Agu-2026", "kondisi_bangunan": "bagus", "moda_terhubung": "LRT", "jarak_ke_stasiun_meter": 1423.9, "nearest_station_verified": "cimahpar"}}, {"type": "Feature", "geometry": {"type": "Point", "coordinates": [106.8381676, -6.575595499999999, 0]}, "properties": {"id": "ChIJQU8XbQDHaS4Rkj9EvlRjIFI", "latitude": "-6.575595499999999", "longitude": "106.8381676", "name": "Kedai Ayam Taliwang", "description": "CRFQ+Q69, Cimahpar", "tenant_type": "umkm-tetap", "period": "7", "transaction_per_day": "2077000", "tenant_area": "4 m x 3 m", "target_market": "pekerja kantoran, pejalan kaki", "revenue_per_month": "62310000", "transaction_per_buyer": "31000", "rent_trend": "6.21", "rent_price_annual": "18000000", "rent_expiry_date": "none", "tanggal_survey": "23-Agu-2026", "kondisi_bangunan": "bagus", "moda_terhubung": "LRT", "jarak_ke_stasiun_meter": 1572.4, "nearest_station_verified": "cimahpar"}}, {"type": "Feature", "geometry": {"type": "Point", "coordinates": [106.8382048, -6.575480899999999, 0]}, "properties": {"id": "ChIJT3MPx_XHaS4RVC-EdmZ_wEs", "latitude": "-6.575480899999999", "longitude": "106.8382048", "name": "Cak Karto", "description": "Rest Area.KM. 38, Cimahpar", "tenant_type": "umkm-tetap", "period": "10", "transaction_per_day": "1940000", "tenant_area": "4 m x 3 m", "target_market": "pekerja kantoran, pejalan kaki", "revenue_per_month": "58200000", "transaction_per_buyer": "97000", "rent_trend": "0.0", "rent_price_annual": "17500000", "rent_expiry_date": "none", "tanggal_survey": "23-Agu-2026", "kondisi_bangunan": "bagus", "moda_terhubung": "MRT", "jarak_ke_stasiun_meter": 1583.6, "nearest_station_verified": "cimahpar"}}, {"type": "Feature", "geometry": {"type": "Point", "coordinates": [106.838958, -6.5752777, 0]}, "properties": {"id": "ChIJNdo40jXHaS4R1LxbRvjUXPU", "latitude": "-6.5752777", "longitude": "106.838958", "name": "KANTIN \"DEWI SRI\" 2", "description": "Rest Area, Jalan Tol Jagorawi Km. 38, Cimahpar", "tenant_type": "umkm-tetap", "period": "10", "transaction_per_day": "3360000", "tenant_area": "5 m x 5 m", "target_market": "Warga, pejalan kaki, pekerja kantoran", "revenue_per_month": "100800000", "transaction_per_buyer": "96000", "rent_trend": "0.0", "rent_price_annual": "34000000", "rent_expiry_date": "none", "tanggal_survey": "23-Agu-2026", "kondisi_bangunan": "bagus", "moda_terhubung": "LRT", "jarak_ke_stasiun_meter": 1662.5, "nearest_station_verified": "cimahpar"}}, {"type": "Feature", "geometry": {"type": "Point", "coordinates": [106.8389265, -6.5752462, 0]}, "properties": {"id": "ChIJqZQw3BjHaS4RJ_gJ2ft8Uls", "latitude": "-6.5752462", "longitude": "106.8389265", "name": "Siti Aisyah Toko", "description": "CRFQ+WH3, Jalan Labuan - Cianjur, Cadas Ngampar", "tenant_type": "umkm-tetap", "period": "2", "transaction_per_day": "2880000", "tenant_area": "4 m x 3 m", "target_market": "Warga, pejalan kaki, pekerja kantoran", "revenue_per_month": "86400000", "transaction_per_buyer": "36000", "rent_trend": "0.0", "rent_price_annual": "29000000", "rent_expiry_date": "none", "tanggal_survey": "23-Agu-2026", "kondisi_bangunan": "bagus", "moda_terhubung": "LRT", "jarak_ke_stasiun_meter": 1662.0, "nearest_station_verified": "cimahpar"}}, {"type": "Feature", "geometry": {"type": "Point", "coordinates": [106.8388453, -6.575248299999999, 0]}, "properties": {"id": "ChIJeY1dp4fHaS4RpfEQvXHuk8A", "latitude": "-6.575248299999999", "longitude": "106.8388453", "name": "KFC", "description": "STA 20 + 400, Jalan Tol Jagorawi, Cimahpar", "tenant_type": "umkm-tetap", "period": "6", "transaction_per_day": "4814000", "tenant_area": "4 m x 3 m", "target_market": "pekerja kantoran, pejalan kaki", "revenue_per_month": "144420000", "transaction_per_buyer": "58000", "rent_trend": "0.0", "rent_price_annual": "52500000", "rent_expiry_date": "none", "tanggal_survey": "23-Agu-2026", "kondisi_bangunan": "bagus", "moda_terhubung": "LRT", "jarak_ke_stasiun_meter": 1654.8, "nearest_station_verified": "cimahpar"}}, {"type": "Feature", "geometry": {"type": "Point", "coordinates": [106.8067507, -6.602924699999999, 0]}, "properties": {"id": "ChIJaWiuutzFaS4RluaXTiM8O5E", "latitude": "-6.602924699999999", "longitude": "106.8067507", "name": "favehotel Padjajaran Bogor", "description": "Jalan Cidangiang No.1, RT.04/RW.05, Tegallega", "tenant_type": "umkm-tetap", "period": "6", "transaction_per_day": "4674000", "tenant_area": "4 m x 3 m", "target_market": "pekerja kantoran, warga", "revenue_per_month": "140220000", "transaction_per_buyer": "57000", "rent_trend": "0.0", "rent_price_annual": "50000000", "rent_expiry_date": "none", "tanggal_survey": "23-Agu-2026", "kondisi_bangunan": "bagus", "moda_terhubung": "LRT", "jarak_ke_stasiun_meter": 1182.6, "nearest_station_verified": "baranangsiang"}}, {"type": "Feature", "geometry": {"type": "Point", "coordinates": [106.8113177, -6.6063016, 0]}, "properties": {"id": "ChIJ30T8GNzFaS4RZNXK7OlVrXE", "latitude": "-6.6063016", "longitude": "106.8113177", "name": "D'Anaya Hotel Bogor", "description": "Jalan Pakuan No.7, RT.04/RW.11, Baranangsiang", "tenant_type": "umkm-seasonal", "period": "3", "transaction_per_day": "6336000", "tenant_area": "4 m x 3 m", "target_market": "pekerja kantoran, pejalan kaki", "revenue_per_month": "190080000", "transaction_per_buyer": "72000", "rent_trend": "6.44", "rent_price_annual": "67500000", "rent_expiry_date": "none", "tanggal_survey": "23-Agu-2026", "kondisi_bangunan": "bagus", "moda_terhubung": "LRT", "jarak_ke_stasiun_meter": 557.3, "nearest_station_verified": "baranangsiang"}}, {"type": "Feature", "geometry": {"type": "Point", "coordinates": [106.8097805, -6.6071798, 0]}, "properties": {"id": "ChIJBb7FaufFaS4R45HqajOXsW8", "latitude": "-6.6071798", "longitude": "106.8097805", "name": "McDonald's Superindo Bogor", "description": "Jalan Raya Pajajaran RT.04/RW.11, Baranangsiang", "tenant_type": "umkm-tetap", "period": "2", "transaction_per_day": "1927000", "tenant_area": "4 m x 3 m", "target_market": "pekerja kantoran, pejalan kaki", "revenue_per_month": "57810000", "transaction_per_buyer": "47000", "rent_trend": "0.0", "rent_price_annual": "15500000", "rent_expiry_date": "none", "tanggal_survey": "23-Agu-2026", "kondisi_bangunan": "bagus", "moda_terhubung": "LRT", "jarak_ke_stasiun_meter": 635.2, "nearest_station_verified": "baranangsiang"}}, {"type": "Feature", "geometry": {"type": "Point", "coordinates": [106.8055958, -6.6026061, 0]}, "properties": {"id": "ChIJmSvSbCPEaS4RDgw7CXWUehY", "latitude": "-6.6026061", "longitude": "106.8055958", "name": "Holland Bakery Bogor", "description": "Jalan Raya Pajajaran No.7, RT.04/RW.02, Baranangsiang", "tenant_type": "umkm-tetap", "period": "1", "transaction_per_day": "7396000", "tenant_area": "3.5 m x 3.5 m", "target_market": "pekerja kantoran, warga", "revenue_per_month": "221880000", "transaction_per_buyer": "86000", "rent_trend": "0.0", "rent_price_annual": "80000000", "rent_expiry_date": "none", "tanggal_survey": "30-Agu-2026", "kondisi_bangunan": "bagus", "moda_terhubung": "LRT", "jarak_ke_stasiun_meter": 1303.4, "nearest_station_verified": "baranangsiang"}}, {"type": "Feature", "geometry": {"type": "Point", "coordinates": [106.808547, -6.6059728, 0]}, "properties": {"id": "ChIJhbzFaufFaS4RyXCV30lfYK0", "latitude": "-6.6059728", "longitude": "106.808547", "name": "HokBen Baranangsiang", "description": "Jalan Raya Pajajaran No.25, RT.04/RW.11, Baranangsiang", "tenant_type": "umkm-seasonal", "period": "6", "transaction_per_day": "5795000", "tenant_area": "4 m x 3 m", "target_market": "pekerja kantoran, pejalan kaki", "revenue_per_month": "173850000", "transaction_per_buyer": "61000", "rent_trend": "0.0", "rent_price_annual": "62500000", "rent_expiry_date": "none", "tanggal_survey": "23-Agu-2026", "kondisi_bangunan": "bagus", "moda_terhubung": "LRT", "jarak_ke_stasiun_meter": 820.5, "nearest_station_verified": "baranangsiang"}}, {"type": "Feature", "geometry": {"type": "Point", "coordinates": [106.8107168, -6.6063248, 0]}, "properties": {"id": "ChIJU6EB793FaS4RMI2V3kn76MU", "latitude": "-6.6063248", "longitude": "106.8107168", "name": "Bebek & Ayam Goreng Pak Ndut", "description": "Jalan Bina Marga No.17, RT.04/RW.11, Baranangsiang", "tenant_type": "umkm-tetap", "period": "5", "transaction_per_day": "3060000", "tenant_area": "4 m x 3 m", "target_market": "Warga, pejalan kaki, pekerja kantoran", "revenue_per_month": "91800000", "transaction_per_buyer": "68000", "rent_trend": "0.0", "rent_price_annual": "28500000", "rent_expiry_date": "none", "tanggal_survey": "31-Agu-2026", "kondisi_bangunan": "bagus", "moda_terhubung": "LRT", "jarak_ke_stasiun_meter": 603.9, "nearest_station_verified": "baranangsiang"}}, {"type": "Feature", "geometry": {"type": "Point", "coordinates": [106.8081691, -6.604698000000001, 0]}, "properties": {"id": "ChIJ2fSQbNzFaS4RdZObfGJrm18", "latitude": "-6.604698000000001", "longitude": "106.8081691", "name": "Asinan Nyonya Yenny", "description": "Jalan Bina Marga No.1, RT.04/RW.11, Baranangsiang", "tenant_type": "umkm-tetap", "period": "9", "transaction_per_day": "2065000", "tenant_area": "4 m x 3 m", "target_market": "pekerja kantoran, pejalan kaki", "revenue_per_month": "61950000", "transaction_per_buyer": "59000", "rent_trend": "0.0", "rent_price_annual": "19000000", "rent_expiry_date": "none", "tanggal_survey": "23-Agu-2026", "kondisi_bangunan": "bagus", "moda_terhubung": "LRT", "jarak_ke_stasiun_meter": 936.2, "nearest_station_verified": "baranangsiang"}}, {"type": "Feature", "geometry": {"type": "Point", "coordinates": [106.810501, -6.6032986, 0]}, "properties": {"id": "ChIJH9XeatzFaS4RRQl4plQ6ykg", "latitude": "-6.6032986", "longitude": "106.810501", "name": "Adamar Kitchen and Lounge", "description": "Jalan Bina Marga No.8, RT.04/RW.11, Baranangsiang", "tenant_type": "umkm-seasonal", "period": "1", "transaction_per_day": "6230000", "tenant_area": "5 m x 5 m", "target_market": "pekerja kantoran, pejalan kaki", "revenue_per_month": "186900000", "transaction_per_buyer": "89000", "rent_trend": "0.0", "rent_price_annual": "68000000", "rent_expiry_date": "none", "tanggal_survey": "23-Agu-2026", "kondisi_bangunan": "bagus", "moda_terhubung": "LRT", "jarak_ke_stasiun_meter": 875.6, "nearest_station_verified": "baranangsiang"}}, {"type": "Feature", "geometry": {"type": "Point", "coordinates": [106.8118147, -6.606008099999999, 0]}, "properties": {"id": "ChIJXz--_d3FaS4RkSLLvacfNeg", "latitude": "-6.606008099999999", "longitude": "106.8118147", "name": "Bakul Bakul Resto", "description": "Jalan Ciheuleut No.14, RT.04/RW.11, Baranangsiang", "tenant_type": "umkm-tetap", "period": "7", "transaction_per_day": "5396000", "tenant_area": "3.5 m x 3.5 m", "target_market": "pekerja kantoran, warga", "revenue_per_month": "161880000", "transaction_per_buyer": "71000", "rent_trend": "0.0", "rent_price_annual": "57000000", "rent_expiry_date": "none", "tanggal_survey": "23-Agu-2026", "kondisi_bangunan": "bagus", "moda_terhubung": "LRT", "jarak_ke_stasiun_meter": 545.9, "nearest_station_verified": "baranangsiang"}}, {"type": "Feature", "geometry": {"type": "Point", "coordinates": [106.8087748, -6.6022135, 0]}, "properties": {"id": "ChIJRZopgNzFaS4RS39exwDhinE", "latitude": "-6.6022135", "longitude": "106.8087748", "name": "Sudut Temu (ToasTea)", "description": "Jalan Cirahayu No.14, RT.04/RW.05, Tegallega", "tenant_type": "umkm-tetap", "period": "5", "transaction_per_day": "1296000", "tenant_area": "4 m x 3 m", "target_market": "pekerja kantoran, pejalan kaki", "revenue_per_month": "38880000", "transaction_per_buyer": "27000", "rent_trend": "0.0", "rent_price_annual": "11000000", "rent_expiry_date": "none", "tanggal_survey": "23-Agu-2026", "kondisi_bangunan": "bagus", "moda_terhubung": "LRT", "jarak_ke_stasiun_meter": 1085.1, "nearest_station_verified": "baranangsiang"}}, {"type": "Feature", "geometry": {"type": "Point", "coordinates": [106.8076618, -6.601881, 0]}, "properties": {"id": "ChIJYXI4Z9vFaS4RDd394L2KnVw", "latitude": "-6.601881", "longitude": "106.8076618", "name": "A&W Botani Square", "description": "Botani Square, Ground Floor Unit 66, 67, 68 & 68C, Jalan Cidangiang RT.04/RW.05, Tegallega", "tenant_type": "umkm-tetap", "period": "5", "transaction_per_day": "2425000", "tenant_area": "4 m x 3 m", "target_market": "pejalan kaki, pekerja kantoran", "revenue_per_month": "72750000", "transaction_per_buyer": "25000", "rent_trend": "0.0", "rent_price_annual": "21500000", "rent_expiry_date": "none", "tanggal_survey": "23-Agu-2026", "kondisi_bangunan": "bagus", "moda_terhubung": "LRT", "jarak_ke_stasiun_meter": 1192.4, "nearest_station_verified": "baranangsiang"}}, {"type": "Feature", "geometry": {"type": "Point", "coordinates": [106.8074412, -6.601904, 0]}, "properties": {"id": "ChIJyXJsQtvFaS4RyXQrIeJX3w4", "latitude": "-6.601904", "longitude": "106.8074412", "name": "Ta Wan Botani Square", "description": "Mall Botani Square Bogor, Lantai GF Unit 65, RT.04/RW.05, Tegallega", "tenant_type": "umkm-tetap", "period": "2", "transaction_per_day": "2552000", "tenant_area": "4 m x 4 m", "target_market": "pekerja kantoran, pejalan kaki", "revenue_per_month": "76560000", "transaction_per_buyer": "29000", "rent_trend": "6.44", "rent_price_annual": "23000000", "rent_expiry_date": "none", "tanggal_survey": "23-Agu-2026", "kondisi_bangunan": "bagus", "moda_terhubung": "LRT", "jarak_ke_stasiun_meter": 1206.9, "nearest_station_verified": "baranangsiang"}}, {"type": "Feature", "geometry": {"type": "Point", "coordinates": [106.8074698, -6.601552499999999, 0]}, "properties": {"id": "ChIJyXJsQtvFaS4RNuSDggh5DHA", "latitude": "-6.601552499999999", "longitude": "106.8074698", "name": "Steak 21 Botani Square", "description": "Jalan Botani Square Jalan Raya Pajajaran No.18 Lantai 2 No. 14, RT.04/RW.05, Tegallega", "tenant_type": "umkm-seasonal", "period": "3", "transaction_per_day": "2508000", "tenant_area": "4 m x 3 m", "target_market": "pekerja kantoran, pejalan kaki", "revenue_per_month": "75240000", "transaction_per_buyer": "38000", "rent_trend": "0.0", "rent_price_annual": "25000000", "rent_expiry_date": "none", "tanggal_survey": "23-Agu-2026", "kondisi_bangunan": "bagus", "moda_terhubung": "LRT", "jarak_ke_stasiun_meter": 1233.8, "nearest_station_verified": "baranangsiang"}}, {"type": "Feature", "geometry": {"type": "Point", "coordinates": [106.8057926, -6.6034603, 0]}, "properties": {"id": "ChIJfS8sTMPFaS4RFHu38yRxH94", "latitude": "-6.6034603", "longitude": "106.8057926", "name": "Martabak Mini", "description": "Jalan Raya Pajajaran No.9, RT.04/RW.02, Baranangsiang", "tenant_type": "umkm-seasonal", "period": "7", "transaction_per_day": "4131000", "tenant_area": "5 m x 5 m", "target_market": "pekerja kantoran, pejalan kaki", "revenue_per_month": "123930000", "transaction_per_buyer": "51000", "rent_trend": "0.0", "rent_price_annual": "43000000", "rent_expiry_date": "none", "tanggal_survey": "23-Agu-2026", "kondisi_bangunan": "bagus", "moda_terhubung": "LRT", "jarak_ke_stasiun_meter": 1228.9, "nearest_station_verified": "baranangsiang"}}, {"type": "Feature", "geometry": {"type": "Point", "coordinates": [106.8074167, -6.6014604, 0]}, "properties": {"id": "ChIJFyt0O8XFaS4Rlt9nYkyFmuo", "latitude": "-6.6014604", "longitude": "106.8074167", "name": "Ichiban Sushi - Botani Square", "description": "Botani Square Mall, Jalan Cidangiang No.3A Lt.2 No.22, RT.04/RW.05, Tegallega", "tenant_type": "umkm-seasonal", "period": "6", "transaction_per_day": "2904000", "tenant_area": "4 m x 3 m", "target_market": "Warga, pejalan kaki, pekerja kantoran", "revenue_per_month": "87120000", "transaction_per_buyer": "33000", "rent_trend": "0.0", "rent_price_annual": "29500000", "rent_expiry_date": "none", "tanggal_survey": "23-Agu-2026", "kondisi_bangunan": "bagus", "moda_terhubung": "LRT", "jarak_ke_stasiun_meter": 1245.4, "nearest_station_verified": "baranangsiang"}}, {"type": "Feature", "geometry": {"type": "Point", "coordinates": [106.8073172, -6.6015056, 0]}, "properties": {"id": "ChIJyXJsQtvFaS4RZlMTEkdRyAk", "latitude": "-6.6015056", "longitude": "106.8073172", "name": "D' Crepes", "description": "Jalan Botani Square Jalan Cidangiang No.3A, RT.01/RW.05, Tegallega", "tenant_type": "umkm-seasonal", "period": "2", "transaction_per_day": "3705000", "tenant_area": "4 m x 3 m", "target_market": "pekerja kantoran, pejalan kaki", "revenue_per_month": "111150000", "transaction_per_buyer": "39000", "rent_trend": "0.0", "rent_price_annual": "37500000", "rent_expiry_date": "none", "tanggal_survey": "23-Agu-2026", "kondisi_bangunan": "bagus", "moda_terhubung": "LRT", "jarak_ke_stasiun_meter": 1248.9, "nearest_station_verified": "baranangsiang"}}, {"type": "Feature", "geometry": {"type": "Point", "coordinates": [106.8061615, -6.602545800000001, 0]}, "properties": {"id": "ChIJX_zfTcPFaS4RyXPrNzCZR1g", "latitude": "-6.602545800000001", "longitude": "106.8061615", "name": "Kopi Oey Bogor", "description": "Gedung Himpunan Alumni IPB, Jalan Cidangiang No.1, RT.04/RW.05, Tegallega", "tenant_type": "umkm-seasonal", "period": "6", "transaction_per_day": "2310000", "tenant_area": "4 m x 3 m", "target_market": "pejalan kaki, pekerja kantoran", "revenue_per_month": "69300000", "transaction_per_buyer": "66000", "rent_trend": "7.41", "rent_price_annual": "20500000", "rent_expiry_date": "none", "tanggal_survey": "31-Agu-2026", "kondisi_bangunan": "bagus", "moda_terhubung": "LRT", "jarak_ke_stasiun_meter": 1259.4, "nearest_station_verified": "baranangsiang"}}, {"type": "Feature", "geometry": {"type": "Point", "coordinates": [106.807447, -6.601370999999999, 0]}, "properties": {"id": "ChIJyXJsQtvFaS4RXucO4jiuIYw", "latitude": "-6.601370999999999", "longitude": "106.807447", "name": "CFC", "description": "L2, 42, Botani Square , JL. Raya Padjajaran. 69-71 , Baranangsiang 16143, RT.04/RW.05, Tegallega", "tenant_type": "umkm-tetap", "period": "2", "transaction_per_day": "5025000", "tenant_area": "4 m x 3 m", "target_market": "Warga, pejalan kaki, pekerja kantoran", "revenue_per_month": "150750000", "transaction_per_buyer": "75000", "rent_trend": "0.0", "rent_price_annual": "54500000", "rent_expiry_date": "none", "tanggal_survey": "23-Agu-2026", "kondisi_bangunan": "bagus", "moda_terhubung": "LRT", "jarak_ke_stasiun_meter": 1250.7, "nearest_station_verified": "baranangsiang"}}, {"type": "Feature", "geometry": {"type": "Point", "coordinates": [106.8071649, -6.601416599999999, 0]}, "properties": {"id": "ChIJoa6WQ9vFaS4RELfPgzbs-_U", "latitude": "-6.601416599999999", "longitude": "106.8071649", "name": "Shihlin Taiwan Street Snacks BSB", "description": "Botani Square Mall Bogor, Jalan Raya Pajajaran Lantai 2, RT.04/RW.05, Tegallega", "tenant_type": "umkm-seasonal", "period": "2", "transaction_per_day": "5046000", "tenant_area": "4 m x 3 m", "target_market": "pekerja kantoran, warga", "revenue_per_month": "151380000", "transaction_per_buyer": "87000", "rent_trend": "0.0", "rent_price_annual": "55000000", "rent_expiry_date": "none", "tanggal_survey": "31-Agu-2026", "kondisi_bangunan": "bagus", "moda_terhubung": "LRT", "jarak_ke_stasiun_meter": 1267.5, "nearest_station_verified": "baranangsiang"}}, {"type": "Feature", "geometry": {"type": "Point", "coordinates": [106.8073393, -6.601284799999999, 0]}, "properties": {"id": "ChIJTwX-QtvFaS4RlmcMuWxIwC4", "latitude": "-6.601284799999999", "longitude": "106.8073393", "name": "Marugame Udon Botani Square", "description": "Botani Square, Jalan Cikahuripan Lantai 2, RT.04/RW.05, Tegallega", "tenant_type": "umkm-tetap", "period": "2", "transaction_per_day": "3952000", "tenant_area": "3.5 m x 3 m", "target_market": "pekerja kantoran, pejalan kaki", "revenue_per_month": "118560000", "transaction_per_buyer": "76000", "rent_trend": "0.0", "rent_price_annual": "41500000", "rent_expiry_date": "none", "tanggal_survey": "23-Agu-2026", "kondisi_bangunan": "bagus", "moda_terhubung": "LRT", "jarak_ke_stasiun_meter": 1265.7, "nearest_station_verified": "baranangsiang"}}, {"type": "Feature", "geometry": {"type": "Point", "coordinates": [106.8932535, -6.4430761, 0]}, "properties": {"id": "ChIJuT8aXJfraS4RrUMnXPTeAj0", "latitude": "-6.4430761", "longitude": "106.8932535", "name": "Es Teh Sekawan-Cikuda", "description": "Gang Cikuda, Bojong Nangka", "tenant_type": "umkm-seasonal", "period": "3", "transaction_per_day": "1176000", "tenant_area": "4 m x 3 m", "target_market": "pejalan kaki, pekerja kantoran", "revenue_per_month": "35280000", "transaction_per_buyer": "28000", "rent_trend": "0.0", "rent_price_annual": "7500000", "rent_expiry_date": "none", "tanggal_survey": "23-Agu-2026", "kondisi_bangunan": "bagus", "moda_terhubung": "LRT", "jarak_ke_stasiun_meter": 1776.6, "nearest_station_verified": "bojong_nangka"}}, {"type": "Feature", "geometry": {"type": "Point", "coordinates": [106.8939423, -6.4424169, 0]}, "properties": {"id": "ChIJ3beFdkjraS4Rg9KTlbAyXoM", "latitude": "-6.4424169", "longitude": "106.8939423", "name": "Gerai Cak Romli", "description": "HV5V+2HP, Bojong Nangka", "tenant_type": "umkm-seasonal", "period": "2", "transaction_per_day": "1363000", "tenant_area": "4 m x 3 m", "target_market": "pekerja kantoran, pejalan kaki, warga", "revenue_per_month": "40890000", "transaction_per_buyer": "47000", "rent_trend": "0.0", "rent_price_annual": "11000000", "rent_expiry_date": "none", "tanggal_survey": "23-Agu-2026", "kondisi_bangunan": "bagus", "moda_terhubung": "LRT", "jarak_ke_stasiun_meter": 1673.0, "nearest_station_verified": "bojong_nangka"}}, {"type": "Feature", "geometry": {"type": "Point", "coordinates": [106.8942046, -6.443102399999999, 0]}, "properties": {"id": "ChIJWxHKMmfraS4R5uYuehV-KUA", "latitude": "-6.443102399999999", "longitude": "106.8942046", "name": "Mie Ayam & Bakso Permata", "description": "Jalan Safir No.1, Bojong Nangka", "tenant_type": "umkm-tetap", "period": "4", "transaction_per_day": "3432000", "tenant_area": "4 m x 3 m", "target_market": "pekerja kantoran, pejalan kaki, warga", "revenue_per_month": "102960000", "transaction_per_buyer": "39000", "rent_trend": "0.0", "rent_price_annual": "34000000", "rent_expiry_date": "none", "tanggal_survey": "23-Agu-2026", "kondisi_bangunan": "bagus", "moda_terhubung": "LRT", "jarak_ke_stasiun_meter": 1720.9, "nearest_station_verified": "bojong_nangka"}}, {"type": "Feature", "geometry": {"type": "Point", "coordinates": [106.8922961, -6.4424942, 0]}, "properties": {"id": "ChIJI-quUWLraS4Rg-lm3WUo61g", "latitude": "-6.4424942", "longitude": "106.8922961", "name": "MANDIRI AGEN ARKHA CELL", "description": "Jalan Kampung Cikuda RT.30/RW.14, Bojong Nangka", "tenant_type": "umkm-tetap", "period": "9", "transaction_per_day": "3551000", "tenant_area": "4 m x 3 m", "target_market": "pejalan kaki, pekerja kantoran", "revenue_per_month": "106530000", "transaction_per_buyer": "67000", "rent_trend": "0.0", "rent_price_annual": "34500000", "rent_expiry_date": "none", "tanggal_survey": "23-Agu-2026", "kondisi_bangunan": "bagus", "moda_terhubung": "LRT", "jarak_ke_stasiun_meter": 1788.7, "nearest_station_verified": "bojong_nangka"}}, {"type": "Feature", "geometry": {"type": "Point", "coordinates": [106.8922961, -6.4424942, 0]}, "properties": {"id": "ChIJUWbGYFbraS4Rjfhr9u_aaH8", "latitude": "-6.4424942", "longitude": "106.8922961", "name": "MANDIRI AGEN YASQI", "description": "Jalan Kampung Cikuda RT.03/RW.06, Bojong Nangka", "tenant_type": "umkm-tetap", "period": "6", "transaction_per_day": "3763000", "tenant_area": "4 m x 3 m", "target_market": "pekerja kantoran, pejalan kaki, warga", "revenue_per_month": "112890000", "transaction_per_buyer": "53000", "rent_trend": "0.0", "rent_price_annual": "40500000", "rent_expiry_date": "none", "tanggal_survey": "23-Agu-2026", "kondisi_bangunan": "bagus", "moda_terhubung": "LRT", "jarak_ke_stasiun_meter": 1788.7, "nearest_station_verified": "bojong_nangka"}}, {"type": "Feature", "geometry": {"type": "Point", "coordinates": [106.8922961, -6.4424942, 0]}, "properties": {"id": "ChIJvwtDhhnraS4RW3JRves2KVI", "latitude": "-6.4424942", "longitude": "106.8922961", "name": "Warung Soto Bu Ini", "description": "Jalan Kampung Cikuda No.78, RT.24/RW.11, Bojong Nangka", "tenant_type": "umkm-tetap", "period": "1", "transaction_per_day": "1740000", "tenant_area": "4 m x 3 m", "target_market": "Warga, pejalan kaki, pekerja kantoran", "revenue_per_month": "52200000", "transaction_per_buyer": "60000", "rent_trend": "0.0", "rent_price_annual": "13500000", "rent_expiry_date": "none", "tanggal_survey": "23-Agu-2026", "kondisi_bangunan": "bagus", "moda_terhubung": "MRT", "jarak_ke_stasiun_meter": 1788.7, "nearest_station_verified": "bojong_nangka"}}, {"type": "Feature", "geometry": {"type": "Point", "coordinates": [106.8922961, -6.4424942, 0]}, "properties": {"id": "ChIJGWoQdwDraS4RtS_iipDeVF8", "latitude": "-6.4424942", "longitude": "106.8922961", "name": "Mi ayam bakso balungan", "description": "HV5R+2W3, Jalan Kampung Cikuda, Bojong Nangka", "tenant_type": "umkm-seasonal", "period": "8", "transaction_per_day": "1406000", "tenant_area": "4 m x 4 m", "target_market": "pekerja kantoran, pejalan kaki", "revenue_per_month": "42180000", "transaction_per_buyer": "37000", "rent_trend": "0.0", "rent_price_annual": "13000000", "rent_expiry_date": "none", "tanggal_survey": "31-Agu-2026", "kondisi_bangunan": "bagus", "moda_terhubung": "LRT", "jarak_ke_stasiun_meter": 1788.7, "nearest_station_verified": "bojong_nangka"}}, {"type": "Feature", "geometry": {"type": "Point", "coordinates": [106.8922961, -6.4424942, 0]}, "properties": {"id": "ChIJZ-MrbQDraS4RfBWhxmiUhkE", "latitude": "-6.4424942", "longitude": "106.8922961", "name": "Warteg Mama Ica", "description": "kp.cikuda rt:01/07 no.13 (deket mushola, Bojong Nangka", "tenant_type": "umkm-seasonal", "period": "7", "transaction_per_day": "4312000", "tenant_area": "4 m x 3 m", "target_market": "pekerja kantoran, pejalan kaki", "revenue_per_month": "129360000", "transaction_per_buyer": "56000", "rent_trend": "0.0", "rent_price_annual": "45000000", "rent_expiry_date": "none", "tanggal_survey": "23-Agu-2026", "kondisi_bangunan": "bagus", "moda_terhubung": "LRT", "jarak_ke_stasiun_meter": 1788.7, "nearest_station_verified": "bojong_nangka"}}, {"type": "Feature", "geometry": {"type": "Point", "coordinates": [106.8923763, -6.4419856, 0]}, "properties": {"id": "ChIJlYxHEL_qaS4R4GrBtlSRjRs", "latitude": "-6.4419856", "longitude": "106.8923763", "name": "Warung Nasi Uduk Mak Saroh", "description": "Jalan Kampung Cikuda, Bojong Nangka", "tenant_type": "umkm-tetap", "period": "10", "transaction_per_day": "1900000", "tenant_area": "4 m x 3 m", "target_market": "pejalan kaki, pekerja kantoran", "revenue_per_month": "57000000", "transaction_per_buyer": "95000", "rent_trend": "0.0", "rent_price_annual": "15500000", "rent_expiry_date": "none", "tanggal_survey": "23-Agu-2026", "kondisi_bangunan": "bagus", "moda_terhubung": "LRT", "jarak_ke_stasiun_meter": 1739.4, "nearest_station_verified": "bojong_nangka"}}, {"type": "Feature", "geometry": {"type": "Point", "coordinates": [106.8934938, -6.4414397, 0]}, "properties": {"id": "ChIJu8O4ynTraS4Rzybo66-9z_E", "latitude": "-6.4414397", "longitude": "106.8934938", "name": "Mie Ayam Cak Manyun", "description": "HV5V+C9H, Jalan Pancasila, Bojong Nangka", "tenant_type": "umkm-tetap", "period": "3", "transaction_per_day": "7304000", "tenant_area": "4 m x 3 m", "target_market": "Warga, pejalan kaki, pekerja kantoran", "revenue_per_month": "219120000", "transaction_per_buyer": "83000", "rent_trend": "0.0", "rent_price_annual": "80000000", "rent_expiry_date": "none", "tanggal_survey": "23-Agu-2026", "kondisi_bangunan": "bagus", "moda_terhubung": "LRT", "jarak_ke_stasiun_meter": 1614.6, "nearest_station_verified": "bojong_nangka"}}, {"type": "Feature", "geometry": {"type": "Point", "coordinates": [106.8935369, -6.441437599999999, 0]}, "properties": {"id": "ChIJ6X4dYl3raS4RGjNTHan-vXk", "latitude": "-6.441437599999999", "longitude": "106.8935369", "name": "Nasi Kuning Barokah", "description": "HV5V+CC7, Jalan Pancasila Bojong Nangka, Bojong Nangka", "tenant_type": "umkm-tetap", "period": "1", "transaction_per_day": "1196000", "tenant_area": "4 m x 4 m", "target_market": "pekerja kantoran, pejalan kaki, warga", "revenue_per_month": "35880000", "transaction_per_buyer": "52000", "rent_trend": "0.0", "rent_price_annual": "10000000", "rent_expiry_date": "none", "tanggal_survey": "23-Agu-2026", "kondisi_bangunan": "bagus", "moda_terhubung": "LRT", "jarak_ke_stasiun_meter": 1611.4, "nearest_station_verified": "bojong_nangka"}}, {"type": "Feature", "geometry": {"type": "Point", "coordinates": [106.8922085, -6.44312, 0]}, "properties": {"id": "ChIJ53Fv-77qaS4RN_AIXlsHVac", "latitude": "-6.44312", "longitude": "106.8922085", "name": "Warsun Mak Chika", "description": "Indonesia", "tenant_type": "umkm-tetap", "period": "5", "transaction_per_day": "3150000", "tenant_area": "3 m x 3 m", "target_market": "Warga, pejalan kaki, pekerja kantoran", "revenue_per_month": "94500000", "transaction_per_buyer": "90000", "rent_trend": "5.57", "rent_price_annual": "32500000", "rent_expiry_date": "none", "tanggal_survey": "23-Agu-2026", "kondisi_bangunan": "bagus", "moda_terhubung": "LRT", "jarak_ke_stasiun_meter": 1849.2, "nearest_station_verified": "bojong_nangka"}}, {"type": "Feature", "geometry": {"type": "Point", "coordinates": [106.8921954, -6.4431655, 0]}, "properties": {"id": "ChIJoZH8EQDraS4RUxehLKazAL8", "latitude": "-6.4431655", "longitude": "106.8921954", "name": "Warkop GEMOY dan seblak", "description": "Jalan Kampung Cikuda Gang Cikuda, Bojong Nangka", "tenant_type": "umkm-tetap", "period": "4", "transaction_per_day": "2838000", "tenant_area": "4 m x 4 m", "target_market": "pekerja kantoran, pejalan kaki", "revenue_per_month": "85140000", "transaction_per_buyer": "66000", "rent_trend": "0.0", "rent_price_annual": "29000000", "rent_expiry_date": "none", "tanggal_survey": "23-Agu-2026", "kondisi_bangunan": "bagus", "moda_terhubung": "LRT", "jarak_ke_stasiun_meter": 1854.1, "nearest_station_verified": "bojong_nangka"}}, {"type": "Feature", "geometry": {"type": "Point", "coordinates": [106.8948753, -6.442767600000001, 0]}, "properties": {"id": "ChIJM3QhxUvraS4R1PENleY1CKs", "latitude": "-6.442767600000001", "longitude": "106.8948753", "name": "warung NORMALin!", "description": "Jalan Zamrud II, Bojong Nangka", "tenant_type": "umkm-tetap", "period": "10", "transaction_per_day": "6831000", "tenant_area": "4 m x 3 m", "target_market": "pekerja kantoran, pejalan kaki", "revenue_per_month": "204930000", "transaction_per_buyer": "69000", "rent_trend": "0.0", "rent_price_annual": "75000000", "rent_expiry_date": "none", "tanggal_survey": "23-Agu-2026", "kondisi_bangunan": "bagus", "moda_terhubung": "LRT", "jarak_ke_stasiun_meter": 1650.5, "nearest_station_verified": "bojong_nangka"}}, {"type": "Feature", "geometry": {"type": "Point", "coordinates": [106.8948788, -6.442765199999998, 0]}, "properties": {"id": "ChIJox7ODoHraS4R86mlZIqTBD4", "latitude": "-6.442765199999998", "longitude": "106.8948788", "name": "roti goreng mozza gunung putri", "description": "Jalan Zamrud II, Bojong Nangka", "tenant_type": "umkm-seasonal", "period": "8", "transaction_per_day": "1806000", "tenant_area": "4 m x 3 m", "target_market": "Warga, pejalan kaki, pekerja kantoran", "revenue_per_month": "54180000", "transaction_per_buyer": "86000", "rent_trend": "0.0", "rent_price_annual": "16500000", "rent_expiry_date": "none", "tanggal_survey": "23-Agu-2026", "kondisi_bangunan": "bagus", "moda_terhubung": "LRT", "jarak_ke_stasiun_meter": 1650.1, "nearest_station_verified": "bojong_nangka"}}, {"type": "Feature", "geometry": {"type": "Point", "coordinates": [106.8947079, -6.4417844, 0]}, "properties": {"id": "ChIJa2GLzLjqaS4RAJbyjtr1nbw", "latitude": "-6.4417844", "longitude": "106.8947079", "name": "WARTEG ARIES JAYA", "description": "Jalan Pancasila No.17, RT.31/RW.14, Bojong Nangka", "tenant_type": "umkm-tetap", "period": "1", "transaction_per_day": "4131000", "tenant_area": "4 m x 3 m", "target_market": "pekerja kantoran, pejalan kaki", "revenue_per_month": "123930000", "transaction_per_buyer": "81000", "rent_trend": "0.0", "rent_price_annual": "44500000", "rent_expiry_date": "none", "tanggal_survey": "23-Agu-2026", "kondisi_bangunan": "bagus", "moda_terhubung": "LRT", "jarak_ke_stasiun_meter": 1567.5, "nearest_station_verified": "bojong_nangka"}}, {"type": "Feature", "geometry": {"type": "Point", "coordinates": [106.8947096, -6.441783999999999, 0]}, "properties": {"id": "ChIJmXb_eQDraS4RQmeB5wFu0xI", "latitude": "-6.441783999999999", "longitude": "106.8947096", "name": "Takoyaki dan sticky milk seasix", "description": "Jalan Pancasila, Bojong Nangka", "tenant_type": "umkm-tetap", "period": "10", "transaction_per_day": "1290000", "tenant_area": "4 m x 3 m", "target_market": "pekerja kantoran, pejalan kaki", "revenue_per_month": "38700000", "transaction_per_buyer": "30000", "rent_trend": "0.0", "rent_price_annual": "9000000", "rent_expiry_date": "none", "tanggal_survey": "23-Agu-2026", "kondisi_bangunan": "bagus", "moda_terhubung": "LRT", "jarak_ke_stasiun_meter": 1567.4, "nearest_station_verified": "bojong_nangka"}}, {"type": "Feature", "geometry": {"type": "Point", "coordinates": [106.8925554, -6.440975199999999, 0]}, "properties": {"id": "ChIJGe8Cb7_qaS4RAvhWqu7djaA", "latitude": "-6.440975199999999", "longitude": "106.8925554", "name": "Warnas", "description": "Indonesia", "tenant_type": "umkm-seasonal", "period": "1", "transaction_per_day": "1612000", "tenant_area": "4 m x 3 m", "target_market": "Warga, pejalan kaki, pekerja kantoran", "revenue_per_month": "48360000", "transaction_per_buyer": "52000", "rent_trend": "0.0", "rent_price_annual": "13500000", "rent_expiry_date": "none", "tanggal_survey": "23-Agu-2026", "kondisi_bangunan": "bagus", "moda_terhubung": "LRT", "jarak_ke_stasiun_meter": 1641.6, "nearest_station_verified": "bojong_nangka"}}, {"type": "Feature", "geometry": {"type": "Point", "coordinates": [106.8914318, -6.441883, 0]}, "properties": {"id": "ChIJO7WFP_3raS4RFwaKYCe14U4", "latitude": "-6.441883", "longitude": "106.8914318", "name": "seblak bilah", "description": "Jalan Tol Jagorawi No.39, Bojong Nangka", "tenant_type": "umkm-tetap", "period": "4", "transaction_per_day": "3588000", "tenant_area": "4 m x 3 m", "target_market": "pekerja kantoran, pejalan kaki", "revenue_per_month": "107640000", "transaction_per_buyer": "52000", "rent_trend": "0.0", "rent_price_annual": "35500000", "rent_expiry_date": "none", "tanggal_survey": "23-Agu-2026", "kondisi_bangunan": "bagus", "moda_terhubung": "LRT", "jarak_ke_stasiun_meter": 1799.8, "nearest_station_verified": "bojong_nangka"}}, {"type": "Feature", "geometry": {"type": "Point", "coordinates": [106.8952221, -6.4418963, 0]}, "properties": {"id": "ChIJF69jwPbraS4RsSk23CPkruM", "latitude": "-6.4418963", "longitude": "106.8952221", "name": "AYAM GEPREKKU", "description": "Samping toko matrial, Jalan Pancasila RT. 31, RW. 14, samping Gerbang, Jalan Villa Permata Mas Raya Jalan Kampung Cikuda No.2, Bojong Nangka", "tenant_type": "franchise-tetap", "period": "8", "transaction_per_day": "3672000", "tenant_area": "4 m x 3 m", "target_market": "Warga, pejalan kaki, pekerja kantoran", "revenue_per_month": "110160000", "transaction_per_buyer": "68000", "rent_trend": "0.0", "rent_price_annual": "39500000", "rent_expiry_date": "none", "tanggal_survey": "23-Agu-2026", "kondisi_bangunan": "bagus", "moda_terhubung": "LRT", "jarak_ke_stasiun_meter": 1547.7, "nearest_station_verified": "bojong_nangka"}}, {"type": "Feature", "geometry": {"type": "Point", "coordinates": [106.8250126, -6.3916955, 0]}, "properties": {"id": "ChIJmQtc9eTraS4RvC3oiJWW27E", "latitude": "-6.3916955", "longitude": "106.8250126", "name": "KFC", "description": "Jalan Margonda, Depok", "tenant_type": "umkm-seasonal", "period": "5", "transaction_per_day": "2808000", "tenant_area": "4 m x 3 m", "target_market": "pekerja kantoran, pejalan kaki", "revenue_per_month": "84240000", "transaction_per_buyer": "54000", "rent_trend": "0.0", "rent_price_annual": "29500000", "rent_expiry_date": "none", "tanggal_survey": "23-Agu-2026", "kondisi_bangunan": "bagus", "moda_terhubung": "LRT", "jarak_ke_stasiun_meter": 2227.5, "nearest_station_verified": "kemiri_muka"}}, {"type": "Feature", "geometry": {"type": "Point", "coordinates": [106.8233182, -6.392356899999998, 0]}, "properties": {"id": "ChIJZXrsog3saS4R0xbE_isZpT0", "latitude": "-6.392356899999998", "longitude": "106.8233182", "name": "Riagandaria's", "description": "ITC Depok, Food Court, Lt. 2, Jalan Margonda Raya No.56, Margonda, Depok", "tenant_type": "umkm-tetap", "period": "2", "transaction_per_day": "4472000", "tenant_area": "3.5 m x 3 m", "target_market": "pekerja kantoran, pejalan kaki, warga", "revenue_per_month": "134160000", "transaction_per_buyer": "86000", "rent_trend": "0.0", "rent_price_annual": "45000000", "rent_expiry_date": "none", "tanggal_survey": "23-Agu-2026", "kondisi_bangunan": "bagus", "moda_terhubung": "LRT", "jarak_ke_stasiun_meter": 2399.8, "nearest_station_verified": "kemiri_muka"}}, {"type": "Feature", "geometry": {"type": "Point", "coordinates": [106.822912, -6.392207, 0]}, "properties": {"id": "ChIJOap6Z-PraS4RTW22RRcml18", "latitude": "-6.392207", "longitude": "106.822912", "name": "A&W ITC Depok Lt. 2", "description": "ITC Depok Lantai 2, Jalan Margonda No.11 Blok BS, Depok", "tenant_type": "umkm-tetap", "period": "6", "transaction_per_day": "7920000", "tenant_area": "4 m x 3 m", "target_market": "pekerja kantoran, pejalan kaki", "revenue_per_month": "237600000", "transaction_per_buyer": "99000", "rent_trend": "0.0", "rent_price_annual": "88000000", "rent_expiry_date": "none", "tanggal_survey": "23-Agu-2026", "kondisi_bangunan": "bagus", "moda_terhubung": "LRT", "jarak_ke_stasiun_meter": 2415.3, "nearest_station_verified": "kemiri_muka"}}, {"type": "Feature", "geometry": {"type": "Point", "coordinates": [106.8230426, -6.392776, 0]}, "properties": {"id": "ChIJF5swZ-HraS4R_zWAgBfMRe0", "latitude": "-6.392776", "longitude": "106.8230426", "name": "Gerai Es Teler 77 ITC Depok", "description": "ITC Depok Lt2, Samping Terminal Terpadu Gedoran Depok, Jalan Margonda Raya No 2BF, Depok", "tenant_type": "umkm-tetap", "period": "5", "transaction_per_day": "6020000", "tenant_area": "4 m x 3 m", "target_market": "pekerja kantoran, pejalan kaki", "revenue_per_month": "180600000", "transaction_per_buyer": "86000", "rent_trend": "0.0", "rent_price_annual": "66500000", "rent_expiry_date": "none", "tanggal_survey": "23-Agu-2026", "kondisi_bangunan": "bagus", "moda_terhubung": "LRT", "jarak_ke_stasiun_meter": 2455.2, "nearest_station_verified": "kemiri_muka"}}, {"type": "Feature", "geometry": {"type": "Point", "coordinates": [106.8194832, -6.390565999999999, 0]}, "properties": {"id": "ChIJTYE-zfzraS4R3oipT_waVko", "latitude": "-6.390565999999999", "longitude": "106.8194832", "name": "Warung PerX", "description": "Jalan Baru Plenongan Gang Masjid No.54, Depok", "tenant_type": "umkm-tetap", "period": "2", "transaction_per_day": "1550000", "tenant_area": "4 m x 4 m", "target_market": "pekerja kantoran, pejalan kaki", "revenue_per_month": "46500000", "transaction_per_buyer": "25000", "rent_trend": "0.0", "rent_price_annual": "11500000", "rent_expiry_date": "none", "tanggal_survey": "23-Agu-2026", "kondisi_bangunan": "bagus", "moda_terhubung": "LRT", "jarak_ke_stasiun_meter": 2550.7, "nearest_station_verified": "kemiri_muka"}}, {"type": "Feature", "geometry": {"type": "Point", "coordinates": [106.8236252, -6.392443399999999, 0]}, "properties": {"id": "ChIJ0-SdQuPraS4RM7Al00PjF2Q", "latitude": "-6.392443399999999", "longitude": "106.8236252", "name": "Cheese Chicken", "description": "ITC Depok, Jalan Margonda No.56 Food Court - Lantai 2, Depok", "tenant_type": "umkm-tetap", "period": "3", "transaction_per_day": "1581000", "tenant_area": "4 m x 3 m", "target_market": "pekerja kantoran, pejalan kaki", "revenue_per_month": "47430000", "transaction_per_buyer": "51000", "rent_trend": "0.0", "rent_price_annual": "13500000", "rent_expiry_date": "none", "tanggal_survey": "23-Agu-2026", "kondisi_bangunan": "bagus", "moda_terhubung": "LRT", "jarak_ke_stasiun_meter": 2386.3, "nearest_station_verified": "kemiri_muka"}}, {"type": "Feature", "geometry": {"type": "Point", "coordinates": [106.8238238, -6.3926861, 0]}, "properties": {"id": "ChIJOd_mWuPraS4RNo83LzePH8M", "latitude": "-6.3926861", "longitude": "106.8238238", "name": "HokBen", "description": "Samping Terminal Terpadu, ITC Depok, Jalan Gedoran Depok Jalan Margonda Raya No.56 Lantai 3 (Food Court, Depok", "tenant_type": "umkm-tetap", "period": "9", "transaction_per_day": "7396000", "tenant_area": "4 m x 4 m", "target_market": "pekerja kantoran, pejalan kaki", "revenue_per_month": "221880000", "transaction_per_buyer": "86000", "rent_trend": "0.0", "rent_price_annual": "82500000", "rent_expiry_date": "none", "tanggal_survey": "23-Agu-2026", "kondisi_bangunan": "bagus", "moda_terhubung": "LRT", "jarak_ke_stasiun_meter": 2394.3, "nearest_station_verified": "kemiri_muka"}}, {"type": "Feature", "geometry": {"type": "Point", "coordinates": [106.8198247, -6.3885504, 0]}, "properties": {"id": "ChIJz9Efbv7raS4R-_nYOhZBPt4", "latitude": "-6.3885504", "longitude": "106.8198247", "name": "Seafood Tresno Joyo", "description": "Jalan Ridwan Rais No.109, Kemiri Muka", "tenant_type": "umkm-tetap", "period": "7", "transaction_per_day": "2268000", "tenant_area": "4 m x 3 m", "target_market": "Warga, pejalan kaki, pekerja kantoran", "revenue_per_month": "68040000", "transaction_per_buyer": "27000", "rent_trend": "0.0", "rent_price_annual": "19500000", "rent_expiry_date": "none", "tanggal_survey": "23-Agu-2026", "kondisi_bangunan": "bagus", "moda_terhubung": "LRT", "jarak_ke_stasiun_meter": 2379.6, "nearest_station_verified": "kemiri_muka"}}, {"type": "Feature", "geometry": {"type": "Point", "coordinates": [106.8250545, -6.389796800000001, 0]}, "properties": {"id": "ChIJC3RPavvraS4RQzot3-TIi5w", "latitude": "-6.389796800000001", "longitude": "106.8250545", "name": "kantin ojolali", "description": "pusat auto part ramanda, Jalan Margonda Raya, Depok", "tenant_type": "umkm-tetap", "period": "7", "transaction_per_day": "4888000", "tenant_area": "4 m x 3 m", "target_market": "Warga, pejalan kaki, pekerja kantoran", "revenue_per_month": "146640000", "transaction_per_buyer": "94000", "rent_trend": "0.0", "rent_price_annual": "52500000", "rent_expiry_date": "none", "tanggal_survey": "23-Agu-2026", "kondisi_bangunan": "bagus", "moda_terhubung": "LRT", "jarak_ke_stasiun_meter": 2057.9, "nearest_station_verified": "kemiri_muka"}}, {"type": "Feature", "geometry": {"type": "Point", "coordinates": [106.8172064, -6.388702299999999, 0]}, "properties": {"id": "ChIJ45__nP3raS4RzMZoiAJkKkg", "latitude": "-6.388702299999999", "longitude": "106.8172064", "name": "Asinan Bogor", "description": "Jalan Arif Rahman Hakim No.53, Beji", "tenant_type": "umkm-tetap", "period": "6", "transaction_per_day": "5664000", "tenant_area": "3.5 m x 3.5 m", "target_market": "pekerja kantoran, pejalan kaki", "revenue_per_month": "169920000", "transaction_per_buyer": "96000", "rent_trend": "0.0", "rent_price_annual": "60000000", "rent_expiry_date": "none", "tanggal_survey": "23-Agu-2026", "kondisi_bangunan": "bagus", "moda_terhubung": "MRT", "jarak_ke_stasiun_meter": 2624.6, "nearest_station_verified": "kemiri_muka"}}, {"type": "Feature", "geometry": {"type": "Point", "coordinates": [106.8155678, -6.3890707, 0]}, "properties": {"id": "ChIJjaFrrVfpaS4R1Pd_sY_qxPk", "latitude": "-6.3890707", "longitude": "106.8155678", "name": "Kebab Turki", "description": "Jalan Nusantara Raya No.313, RT.11/RW.3, Depok Jaya", "tenant_type": "umkm-seasonal", "period": "8", "transaction_per_day": "4743000", "tenant_area": "3.5 m x 3 m", "target_market": "Warga, pejalan kaki, pekerja kantoran", "revenue_per_month": "142290000", "transaction_per_buyer": "51000", "rent_trend": "0.0", "rent_price_annual": "51500000", "rent_expiry_date": "none", "tanggal_survey": "23-Agu-2026", "kondisi_bangunan": "bagus", "moda_terhubung": "LRT", "jarak_ke_stasiun_meter": 2798.5, "nearest_station_verified": "kemiri_muka"}}, {"type": "Feature", "geometry": {"type": "Point", "coordinates": [106.8274744, -6.387993799999999, 0]}, "properties": {"id": "ChIJSVLaT_rraS4RIvEEkvNmy-k", "latitude": "-6.387993799999999", "longitude": "106.8274744", "name": "favehotel Margonda - Depok", "description": "Jalan Margonda No.166, Kemiri Muka", "tenant_type": "umkm-tetap", "period": "4", "transaction_per_day": "2046000", "tenant_area": "4 m x 4 m", "target_market": "pejalan kaki, pekerja kantoran", "revenue_per_month": "61380000", "transaction_per_buyer": "33000", "rent_trend": "0.0", "rent_price_annual": "20500000", "rent_expiry_date": "none", "tanggal_survey": "23-Agu-2026", "kondisi_bangunan": "bagus", "moda_terhubung": "LRT", "jarak_ke_stasiun_meter": 1734.8, "nearest_station_verified": "kemiri_muka"}}, {"type": "Feature", "geometry": {"type": "Point", "coordinates": [106.8270921, -6.3872607, 0]}, "properties": {"id": "ChIJXzLeHTzsaS4RFeZoNPk-6Zk", "latitude": "-6.3872607", "longitude": "106.8270921", "name": "KFC Depok Mall", "description": "Jalan Margonda No.88, Kemiri Muka", "tenant_type": "umkm-tetap", "period": "8", "transaction_per_day": "5418000", "tenant_area": "4 m x 3 m", "target_market": "pekerja kantoran, pejalan kaki, warga", "revenue_per_month": "162540000", "transaction_per_buyer": "86000", "rent_trend": "0.0", "rent_price_annual": "59500000", "rent_expiry_date": "none", "tanggal_survey": "23-Agu-2026", "kondisi_bangunan": "bagus", "moda_terhubung": "LRT", "jarak_ke_stasiun_meter": 1697.1, "nearest_station_verified": "kemiri_muka"}}, {"type": "Feature", "geometry": {"type": "Point", "coordinates": [106.8269571, -6.387000599999999, 0]}, "properties": {"id": "ChIJ0fQfN_rraS4RuEpBTv0OSo4", "latitude": "-6.387000599999999", "longitude": "106.8269571", "name": "Solaria - Depok Mall", "description": "D Mall, Jalan Margonda Raya No.Kav.88 Ground Floor, Kemiri Muka", "tenant_type": "umkm-tetap", "period": "4", "transaction_per_day": "2928000", "tenant_area": "4 m x 3 m", "target_market": "pekerja kantoran, pejalan kaki", "revenue_per_month": "87840000", "transaction_per_buyer": "61000", "rent_trend": "0.0", "rent_price_annual": "29000000", "rent_expiry_date": "none", "tanggal_survey": "23-Agu-2026", "kondisi_bangunan": "bagus", "moda_terhubung": "LRT", "jarak_ke_stasiun_meter": 1684.6, "nearest_station_verified": "kemiri_muka"}}, {"type": "Feature", "geometry": {"type": "Point", "coordinates": [106.8270686, -6.387123400000001, 0]}, "properties": {"id": "ChIJ5RSoD_vraS4R52IBa5LWpNQ", "latitude": "-6.387123400000001", "longitude": "106.8270686", "name": "Ichiban Sushi - D' Mall", "description": "Depok Mall, Jalan Margonda No.Kav. 88 Ground Floor. 6, Kemiri Muka", "tenant_type": "franchise-tetap", "period": "8", "transaction_per_day": "2400000", "tenant_area": "4 m x 3 m", "target_market": "Warga, pejalan kaki, pekerja kantoran", "revenue_per_month": "72000000", "transaction_per_buyer": "75000", "rent_trend": "6.44", "rent_price_annual": "24000000", "rent_expiry_date": "none", "tanggal_survey": "23-Agu-2026", "kondisi_bangunan": "bagus", "moda_terhubung": "LRT", "jarak_ke_stasiun_meter": 1687.0, "nearest_station_verified": "kemiri_muka"}}, {"type": "Feature", "geometry": {"type": "Point", "coordinates": [106.8272113, -6.3872164, 0]}, "properties": {"id": "ChIJo0kXM_rraS4R5KnoWhKnDpQ", "latitude": "-6.3872164", "longitude": "106.8272113", "name": "Gokana Ramen & Teppan", "description": "Ruko Depok Mall, Jalan Margonda No.88, Kemiri Muka", "tenant_type": "umkm-tetap", "period": "9", "transaction_per_day": "2108000", "tenant_area": "4 m x 3 m", "target_market": "pekerja kantoran, pejalan kaki", "revenue_per_month": "63240000", "transaction_per_buyer": "68000", "rent_trend": "0.0", "rent_price_annual": "20500000", "rent_expiry_date": "none", "tanggal_survey": "23-Agu-2026", "kondisi_bangunan": "bagus", "moda_terhubung": "LRT", "jarak_ke_stasiun_meter": 1684.9, "nearest_station_verified": "kemiri_muka"}}, {"type": "Feature", "geometry": {"type": "Point", "coordinates": [106.8272128, -6.387023800000001, 0]}, "properties": {"id": "ChIJz0EeN_rraS4RjMlIfKp46QQ", "latitude": "-6.387023800000001", "longitude": "106.8272128", "name": "Dunkin' Donuts", "description": "D'mall Depok, Jl. Raya Margonda No.88, Pondok Cina, Beji, Kemiri Muka", "tenant_type": "umkm-seasonal", "period": "3", "transaction_per_day": "3120000", "tenant_area": "5 m x 5 m", "target_market": "pekerja kantoran, pejalan kaki", "revenue_per_month": "93600000", "transaction_per_buyer": "48000", "rent_trend": "0.0", "rent_price_annual": "30500000", "rent_expiry_date": "none", "tanggal_survey": "23-Agu-2026", "kondisi_bangunan": "bagus", "moda_terhubung": "LRT", "jarak_ke_stasiun_meter": 1668.3, "nearest_station_verified": "kemiri_muka"}}, {"type": "Feature", "geometry": {"type": "Point", "coordinates": [106.82169, -6.39113, 0]}, "properties": {"id": "ChIJR-1oSgDraS4R8-Nl8N5pr8I", "latitude": "-6.39113", "longitude": "106.82169", "name": "Bubur Ayam Stasiun Depok Baru", "description": "JR5C+GMW, Jalan Stasiun Depok Baru, Depok", "tenant_type": "umkm-seasonal", "period": "3", "transaction_per_day": "1743000", "tenant_area": "4 m x 3 m", "target_market": "pekerja kantoran, warga", "revenue_per_month": "52290000", "transaction_per_buyer": "83000", "rent_trend": "0.0", "rent_price_annual": "16500000", "rent_expiry_date": "none", "tanggal_survey": "23-Agu-2026", "kondisi_bangunan": "bagus", "moda_terhubung": "LRT", "jarak_ke_stasiun_meter": 2416.6, "nearest_station_verified": "kemiri_muka"}}, {"type": "Feature", "geometry": {"type": "Point", "coordinates": [106.8216616, -6.391211999999999, 0]}, "properties": {"id": "ChIJ0YNlKgqTaS4R1sJVHxMh4Gk", "latitude": "-6.391211999999999", "longitude": "106.8216616", "name": "Martabak Sebayu", "description": "Jalan Wibawa Mukti II RT.004/RW.006, Jatiasih", "tenant_type": "umkm-tetap", "period": "2", "transaction_per_day": "3024000", "tenant_area": "3 m x 3 m", "target_market": "pekerja kantoran, pejalan kaki", "revenue_per_month": "90720000", "transaction_per_buyer": "56000", "rent_trend": "7.41", "rent_price_annual": "28000000", "rent_expiry_date": "none", "tanggal_survey": "23-Agu-2026", "kondisi_bangunan": "bagus", "moda_terhubung": "LRT", "jarak_ke_stasiun_meter": 2425.3, "nearest_station_verified": "kemiri_muka"}}, {"type": "Feature", "geometry": {"type": "Point", "coordinates": [106.8218898, -6.391132000000001, 0]}, "properties": {"id": "ChIJc3Sa7GnraS4RNBHioPAwwP0", "latitude": "-6.391132000000001", "longitude": "106.8218898", "name": "Burger SD Stasiun DepokBaru", "description": "Stasiun depok baru, Depok", "tenant_type": "umkm-seasonal", "period": "10", "transaction_per_day": "7600000", "tenant_area": "4 m x 3 m", "target_market": "Warga, pejalan kaki, pekerja kantoran", "revenue_per_month": "228000000", "transaction_per_buyer": "76000", "rent_trend": "0.0", "rent_price_annual": "84000000", "rent_expiry_date": "none", "tanggal_survey": "23-Agu-2026", "kondisi_bangunan": "bagus", "moda_terhubung": "LRT", "jarak_ke_stasiun_meter": 2401.4, "nearest_station_verified": "kemiri_muka"}}, {"type": "Feature", "geometry": {"type": "Point", "coordinates": [106.8045228, -6.446848500000001, 0]}, "properties": {"id": "ChIJG4_Tv-3paS4R5f3AZf2aP5Q", "latitude": "-6.446848500000001", "longitude": "106.8045228", "name": "risya aqiqah", "description": "jl.utan jaya rt 08 rw 04 no 89 kelurahan utan jaya kec.cipayung, Rawa Panjang", "tenant_type": "umkm-tetap", "period": "3", "transaction_per_day": "2322000", "tenant_area": "4 m x 3 m", "target_market": "Warga, pejalan kaki, pekerja kantoran", "revenue_per_month": "69660000", "transaction_per_buyer": "86000", "rent_trend": "0.0", "rent_price_annual": "20500000", "rent_expiry_date": "none", "tanggal_survey": "23-Agu-2026", "kondisi_bangunan": "bagus", "moda_terhubung": "LRT", "jarak_ke_stasiun_meter": 880.4, "nearest_station_verified": "bojong_pondok_terong"}}, {"type": "Feature", "geometry": {"type": "Point", "coordinates": [106.7996166, -6.451161799999999, 0]}, "properties": {"id": "ChIJLdmK0OjpaS4RwiPTw7rvkdQ", "latitude": "-6.451161799999999", "longitude": "106.7996166", "name": "RM. Padang Tiga Saudara", "description": "Pasar Citayam Blok BE No. 38-40, Jl. Raya Citayam, Pancoran Mas, Bojong Pondok Terong", "tenant_type": "umkm-seasonal", "period": "3", "transaction_per_day": "3690000", "tenant_area": "4 m x 3 m", "target_market": "Warga, pejalan kaki, pekerja kantoran", "revenue_per_month": "110700000", "transaction_per_buyer": "82000", "rent_trend": "0.0", "rent_price_annual": "36000000", "rent_expiry_date": "none", "tanggal_survey": "23-Agu-2026", "kondisi_bangunan": "bagus", "moda_terhubung": "LRT", "jarak_ke_stasiun_meter": 1346.1, "nearest_station_verified": "bojong_pondok_terong"}}, {"type": "Feature", "geometry": {"type": "Point", "coordinates": [106.802323, -6.448581499999999, 0]}, "properties": {"id": "ChIJZXo3CQDpaS4R4xfPGqzjr1w", "latitude": "-6.448581499999999", "longitude": "106.802323", "name": "Susu Mbok Darmi, Stasiun Citayam", "description": "Stasiun Citayam, Pabuaran, Bojong Gede, Bojong Pondok Terong", "tenant_type": "umkm-seasonal", "period": "5", "transaction_per_day": "7068000", "tenant_area": "3.5 m x 3.5 m", "target_market": "Warga, pejalan kaki, pekerja kantoran", "revenue_per_month": "212040000", "transaction_per_buyer": "76000", "rent_trend": "0.0", "rent_price_annual": "75500000", "rent_expiry_date": "none", "tanggal_survey": "23-Agu-2026", "kondisi_bangunan": "bagus", "moda_terhubung": "LRT", "jarak_ke_stasiun_meter": 1031.5, "nearest_station_verified": "bojong_pondok_terong"}}, {"type": "Feature", "geometry": {"type": "Point", "coordinates": [106.8021868, -6.4486883, 0]}, "properties": {"id": "ChIJD29-m-7paS4RrbXJlKBP9vo", "latitude": "-6.4486883", "longitude": "106.8021868", "name": "WARTEG BUDHE", "description": "Indonesia", "tenant_type": "umkm-tetap", "period": "5", "transaction_per_day": "1908000", "tenant_area": "4 m x 4 m", "target_market": "pekerja kantoran, pejalan kaki", "revenue_per_month": "57240000", "transaction_per_buyer": "36000", "rent_trend": "7.13", "rent_price_annual": "18000000", "rent_expiry_date": "none", "tanggal_survey": "23-Agu-2026", "kondisi_bangunan": "bagus", "moda_terhubung": "LRT", "jarak_ke_stasiun_meter": 1043.1, "nearest_station_verified": "bojong_pondok_terong"}}, {"type": "Feature", "geometry": {"type": "Point", "coordinates": [106.8021237, -6.4486045, 0]}, "properties": {"id": "ChIJ537k0wvpaS4RiOYeZk48hkQ", "latitude": "-6.4486045", "longitude": "106.8021237", "name": "DOBELLYS FRIED CHICKEN ST. CITAYAM Pintu Barat", "description": "Stasiun Citayam, Bojong Pondok Terong", "tenant_type": "umkm-tetap", "period": "2", "transaction_per_day": "1638000", "tenant_area": "3.5 m x 3 m", "target_market": "pekerja kantoran, pejalan kaki", "revenue_per_month": "49140000", "transaction_per_buyer": "63000", "rent_trend": "0.0", "rent_price_annual": "13000000", "rent_expiry_date": "none", "tanggal_survey": "23-Agu-2026", "kondisi_bangunan": "bagus", "moda_terhubung": "LRT", "jarak_ke_stasiun_meter": 1033.7, "nearest_station_verified": "bojong_pondok_terong"}}, {"type": "Feature", "geometry": {"type": "Point", "coordinates": [106.8021886, -6.4487076, 0]}, "properties": {"id": "ChIJUSJ9j97paS4RhP7VDz_YcDM", "latitude": "-6.4487076", "longitude": "106.8021886", "name": "PEMPEK 57", "description": "Jalan Lebak Pos No.51-53, Bojong Pondok Terong", "tenant_type": "umkm-seasonal", "period": "10", "transaction_per_day": "2262000", "tenant_area": "4 m x 4 m", "target_market": "Warga, pejalan kaki, pekerja kantoran", "revenue_per_month": "67860000", "transaction_per_buyer": "26000", "rent_trend": "0.0", "rent_price_annual": "22000000", "rent_expiry_date": "none", "tanggal_survey": "23-Agu-2026", "kondisi_bangunan": "bagus", "moda_terhubung": "LRT", "jarak_ke_stasiun_meter": 1045.2, "nearest_station_verified": "bojong_pondok_terong"}}, {"type": "Feature", "geometry": {"type": "Point", "coordinates": [106.8025307, -6.448823399999999, 0]}, "properties": {"id": "ChIJh02eQgDpaS4RG-Kqk4Iircg", "latitude": "-6.448823399999999", "longitude": "106.8025307", "name": "HAHApy chicken - Citayam", "description": "Jalan Raya Citayam No.58, Pabuaran", "tenant_type": "umkm-tetap", "period": "6", "transaction_per_day": "2079000", "tenant_area": "4 m x 4 m", "target_market": "pekerja kantoran, pejalan kaki", "revenue_per_month": "62370000", "transaction_per_buyer": "27000", "rent_trend": "0.0", "rent_price_annual": "17000000", "rent_expiry_date": "none", "tanggal_survey": "23-Agu-2026", "kondisi_bangunan": "bagus", "moda_terhubung": "LRT", "jarak_ke_stasiun_meter": 1059.2, "nearest_station_verified": "bojong_pondok_terong"}}, {"type": "Feature", "geometry": {"type": "Point", "coordinates": [106.8021194, -6.4482433, 0]}, "properties": {"id": "ChIJ4bffm-7paS4RVNuKfS_oFvk", "latitude": "-6.4482433", "longitude": "106.8021194", "name": "Mie Ayam Bakso Liqa-Liqu", "description": "Jalan Raya Citayam Jalan Kampung Lio, Bojong Pondok Terong", "tenant_type": "umkm-tetap", "period": "5", "transaction_per_day": "7520000", "tenant_area": "3.5 m x 3.5 m", "target_market": "pekerja kantoran, pejalan kaki", "revenue_per_month": "225600000", "transaction_per_buyer": "80000", "rent_trend": "0.0", "rent_price_annual": "81500000", "rent_expiry_date": "none", "tanggal_survey": "23-Agu-2026", "kondisi_bangunan": "bagus", "moda_terhubung": "LRT", "jarak_ke_stasiun_meter": 993.6, "nearest_station_verified": "bojong_pondok_terong"}}, {"type": "Feature", "geometry": {"type": "Point", "coordinates": [106.8026918, -6.4486667, 0]}, "properties": {"id": "ChIJw3Etgu7paS4Rfv4h5JIDPVo", "latitude": "-6.4486667", "longitude": "106.8026918", "name": "Bakso & Mie Ayam Bang Eddy", "description": "Jalan Raya Citayam No.60, Bojong Pondok Terong", "tenant_type": "umkm-tetap", "period": "6", "transaction_per_day": "3984000", "tenant_area": "4 m x 3 m", "target_market": "pekerja kantoran, pejalan kaki", "revenue_per_month": "119520000", "transaction_per_buyer": "83000", "rent_trend": "0.0", "rent_price_annual": "41500000", "rent_expiry_date": "none", "tanggal_survey": "23-Agu-2026", "kondisi_bangunan": "bagus", "moda_terhubung": "LRT", "jarak_ke_stasiun_meter": 1042.7, "nearest_station_verified": "bojong_pondok_terong"}}, {"type": "Feature", "geometry": {"type": "Point", "coordinates": [106.8027167, -6.4485808, 0]}, "properties": {"id": "ChIJ_QswWOfpaS4RNIOFer71ooE", "latitude": "-6.4485808", "longitude": "106.8027167", "name": "Ayam Goreng Sunda", "description": "HR23+H38, Pabuaran", "tenant_type": "umkm-tetap", "period": "1", "transaction_per_day": "1430000", "tenant_area": "4 m x 3 m", "target_market": "pekerja kantoran, pejalan kaki", "revenue_per_month": "42900000", "transaction_per_buyer": "26000", "rent_trend": "0.0", "rent_price_annual": "12500000", "rent_expiry_date": "none", "tanggal_survey": "23-Agu-2026", "kondisi_bangunan": "bagus", "moda_terhubung": "LRT", "jarak_ke_stasiun_meter": 1033.4, "nearest_station_verified": "bojong_pondok_terong"}}, {"type": "Feature", "geometry": {"type": "Point", "coordinates": [106.802522, -6.448883, 0]}, "properties": {"id": "ChIJCRwF2ZXpaS4RktnouuvHO8k", "latitude": "-6.448883", "longitude": "106.802522", "name": "Makaroni Ngehe Express St. Citayam", "description": "Jalan Raya Citayam Jalan Lebak Pos, Pabuaran", "tenant_type": "umkm-seasonal", "period": "5", "transaction_per_day": "1040000", "tenant_area": "4 m x 3 m", "target_market": "pekerja kantoran, pejalan kaki", "revenue_per_month": "31200000", "transaction_per_buyer": "26000", "rent_trend": "0.0", "rent_price_annual": "6000000", "rent_expiry_date": "none", "tanggal_survey": "23-Agu-2026", "kondisi_bangunan": "bagus", "moda_terhubung": "LRT", "jarak_ke_stasiun_meter": 1065.7, "nearest_station_verified": "bojong_pondok_terong"}}, {"type": "Feature", "geometry": {"type": "Point", "coordinates": [106.8027604, -6.448434600000001, 0]}, "properties": {"id": "ChIJzRVaeADpaS4RoKjtIYLihBg", "latitude": "-6.448434600000001", "longitude": "106.8027604", "name": "Pecel Lele D1 Citayam", "description": "HR23+J4R, Jalan Raya Citayam, Ratu Jaya", "tenant_type": "umkm-tetap", "period": "9", "transaction_per_day": "4290000", "tenant_area": "4 m x 10 m", "target_market": "pekerja kantoran, pejalan kaki", "revenue_per_month": "128700000", "transaction_per_buyer": "78000", "rent_trend": "0.0", "rent_price_annual": "45500000", "rent_expiry_date": "none", "tanggal_survey": "23-Agu-2026", "kondisi_bangunan": "bagus", "moda_terhubung": "LRT", "jarak_ke_stasiun_meter": 1017.5, "nearest_station_verified": "bojong_pondok_terong"}}, {"type": "Feature", "geometry": {"type": "Point", "coordinates": [106.8027861, -6.448419699999999, 0]}, "properties": {"id": "ChIJy9LAS9LpaS4RNJoNid7Iz-U", "latitude": "-6.448419699999999", "longitude": "106.8027861", "name": "Sate Kambing Priangan", "description": "Jalan Raya Citayam No.30, Bojong Pondok Terong", "tenant_type": "umkm-tetap", "period": "10", "transaction_per_day": "725000", "tenant_area": "3 m x 3 m", "target_market": "Warga, pejalan kaki, pekerja kantoran", "revenue_per_month": "21750000", "transaction_per_buyer": "25000", "rent_trend": "0.0", "rent_price_annual": "4500000", "rent_expiry_date": "none", "tanggal_survey": "23-Agu-2026", "kondisi_bangunan": "bagus", "moda_terhubung": "MRT", "jarak_ke_stasiun_meter": 1016.1, "nearest_station_verified": "bojong_pondok_terong"}}, {"type": "Feature", "geometry": {"type": "Point", "coordinates": [106.801989, -6.448899300000001, 0]}, "properties": {"id": "ChIJfWLiMQDpaS4RwPVp168EMgo", "latitude": "-6.448899300000001", "longitude": "106.801989", "name": "SUKAKU Stasiun Citayam", "description": "HR22+CQX, Jl. Kampung Pos Jalan Raya Citayam, Pabuaran", "tenant_type": "umkm-tetap", "period": "2", "transaction_per_day": "3956000", "tenant_area": "4 m x 3 m", "target_market": "Warga, pejalan kaki, pekerja kantoran", "revenue_per_month": "118680000", "transaction_per_buyer": "43000", "rent_trend": "0.0", "rent_price_annual": "41500000", "rent_expiry_date": "none", "tanggal_survey": "23-Agu-2026", "kondisi_bangunan": "bagus", "moda_terhubung": "LRT", "jarak_ke_stasiun_meter": 1066.6, "nearest_station_verified": "bojong_pondok_terong"}}, {"type": "Feature", "geometry": {"type": "Point", "coordinates": [106.8028297, -6.4484574, 0]}, "properties": {"id": "ChIJOWwfAFfpaS4RCZp73_SuPO8", "latitude": "-6.4484574", "longitude": "106.8028297", "name": "Bakso Ayam Bleber", "description": "HR23+J48, Jalan Mushalla Al-Anwar, Pabuaran", "tenant_type": "umkm-seasonal", "period": "1", "transaction_per_day": "1118000", "tenant_area": "4 m x 4 m", "target_market": "pekerja kantoran, pejalan kaki, warga", "revenue_per_month": "33540000", "transaction_per_buyer": "26000", "rent_trend": "0.0", "rent_price_annual": "6500000", "rent_expiry_date": "none", "tanggal_survey": "31-Agu-2026", "kondisi_bangunan": "bagus", "moda_terhubung": "LRT", "jarak_ke_stasiun_meter": 1020.6, "nearest_station_verified": "bojong_pondok_terong"}}, {"type": "Feature", "geometry": {"type": "Point", "coordinates": [106.8021054, -6.4490136, 0]}, "properties": {"id": "ChIJY1JxKezpaS4Rz1L2nNpEMUg", "latitude": "-6.4490136", "longitude": "106.8021054", "name": "warung nasi uduk", "description": "HR22+9RX, Jalan Lebak Pos, Pabuaran", "tenant_type": "umkm-tetap", "period": "10", "transaction_per_day": "6391000", "tenant_area": "3 m x 3 m", "target_market": "pekerja kantoran, pejalan kaki", "revenue_per_month": "191730000", "transaction_per_buyer": "77000", "rent_trend": "0.0", "rent_price_annual": "67500000", "rent_expiry_date": "none", "tanggal_survey": "23-Agu-2026", "kondisi_bangunan": "bagus", "moda_terhubung": "LRT", "jarak_ke_stasiun_meter": 1079.2, "nearest_station_verified": "bojong_pondok_terong"}}, {"type": "Feature", "geometry": {"type": "Point", "coordinates": [106.8026898, -6.448949500000001, 0]}, "properties": {"id": "ChIJUQQ0TQDpaS4RKBm40F5gL40", "latitude": "-6.448949500000001", "longitude": "106.8026898", "name": "Dons Burger Stasiun Citayam", "description": "HR23+C3G, Jalan Raya Citayam, Bojong Pondok Terong", "tenant_type": "umkm-seasonal", "period": "9", "transaction_per_day": "4624000", "tenant_area": "4 m x 3 m", "target_market": "pekerja kantoran, pejalan kaki", "revenue_per_month": "138720000", "transaction_per_buyer": "68000", "rent_trend": "0.0", "rent_price_annual": "50000000", "rent_expiry_date": "none", "tanggal_survey": "23-Agu-2026", "kondisi_bangunan": "bagus", "moda_terhubung": "LRT", "jarak_ke_stasiun_meter": 1074.1, "nearest_station_verified": "bojong_pondok_terong"}}, {"type": "Feature", "geometry": {"type": "Point", "coordinates": [106.8019487, -6.448135799999999, 0]}, "properties": {"id": "ChIJYfshZADpaS4RzilbtdXMKvA", "latitude": "-6.448135799999999", "longitude": "106.8019487", "name": "Resto MbahQu", "description": "HR22+PQW, Jalan Setapak St. Citayam, Bojong Pondok Terong", "tenant_type": "umkm-tetap", "period": "10", "transaction_per_day": "3080000", "tenant_area": "4 m x 3 m", "target_market": "pekerja kantoran, pejalan kaki", "revenue_per_month": "92400000", "transaction_per_buyer": "56000", "rent_trend": "0.0", "rent_price_annual": "28500000", "rent_expiry_date": "none", "tanggal_survey": "23-Agu-2026", "kondisi_bangunan": "bagus", "moda_terhubung": "LRT", "jarak_ke_stasiun_meter": 981.7, "nearest_station_verified": "bojong_pondok_terong"}}, {"type": "Feature", "geometry": {"type": "Point", "coordinates": [106.8022403, -6.4479786, 0]}, "properties": {"id": "ChIJ1fbtrT3paS4RnHjsqikZs8c", "latitude": "-6.4479786", "longitude": "106.8022403", "name": "Don King Fried chicken", "description": "Jalan Lebak Pos, Bojong Pondok Terong", "tenant_type": "umkm-seasonal", "period": "9", "transaction_per_day": "4042000", "tenant_area": "5 m x 5 m", "target_market": "Warga, pejalan kaki, pekerja kantoran", "revenue_per_month": "121260000", "transaction_per_buyer": "94000", "rent_trend": "0.0", "rent_price_annual": "43500000", "rent_expiry_date": "none", "tanggal_survey": "23-Agu-2026", "kondisi_bangunan": "bagus", "moda_terhubung": "LRT", "jarak_ke_stasiun_meter": 964.3, "nearest_station_verified": "bojong_pondok_terong"}}, {"type": "Feature", "geometry": {"type": "Point", "coordinates": [106.8029684, -6.4484694, 0]}, "properties": {"id": "ChIJcXUNOOLpaS4RB9r-p-NTxaM", "latitude": "-6.4484694", "longitude": "106.8029684", "name": "Brother Dimsum", "description": "Gang sebelah sungai Jalan Mushalla Al-Anwar, Pabuaran", "tenant_type": "umkm-tetap", "period": "9", "transaction_per_day": "2352000", "tenant_area": "4 m x 3 m", "target_market": "Warga, pejalan kaki, pekerja kantoran", "revenue_per_month": "70560000", "transaction_per_buyer": "56000", "rent_trend": "0.0", "rent_price_annual": "22500000", "rent_expiry_date": "none", "tanggal_survey": "23-Agu-2026", "kondisi_bangunan": "bagus", "moda_terhubung": "LRT", "jarak_ke_stasiun_meter": 1023.3, "nearest_station_verified": "bojong_pondok_terong"}}, {"type": "Feature", "geometry": {"type": "Point", "coordinates": [106.8870431, -6.3098697, 0]}, "properties": {"id": "ChIJ2SY7tWntaS4R2DPsZkIF3f8", "latitude": "-6.3098697", "longitude": "106.8870431", "name": "Nasi uduk 32", "description": "Jalan Remaja No.2 2, RT.2/RW.1, Ceger", "tenant_type": "umkm-tetap", "period": "6", "transaction_per_day": "7452000", "tenant_area": "4 m x 4 m", "target_market": "pekerja kantoran, pejalan kaki", "revenue_per_month": "223560000", "transaction_per_buyer": "92000", "rent_trend": "0.0", "rent_price_annual": "83500000", "rent_expiry_date": "none", "tanggal_survey": "23-Agu-2026", "kondisi_bangunan": "bagus", "moda_terhubung": "LRT", "jarak_ke_stasiun_meter": 1538.3, "nearest_station_verified": "ciracas"}}, {"type": "Feature", "geometry": {"type": "Point", "coordinates": [106.8894293, -6.311926499999999, 0]}, "properties": {"id": "ChIJlVRIG0LtaS4RxC9mMRQ5ITI", "latitude": "-6.311926499999999", "longitude": "106.8894293", "name": "RM ARI INDAH", "description": "Jalan SMP 160 No.32 7, RT.7/RW.3, Ceger", "tenant_type": "umkm-tetap", "period": "8", "transaction_per_day": "4424000", "tenant_area": "4 m x 3 m", "target_market": "pejalan kaki, pekerja kantoran", "revenue_per_month": "132720000", "transaction_per_buyer": "79000", "rent_trend": "0.0", "rent_price_annual": "47500000", "rent_expiry_date": "none", "tanggal_survey": "31-Agu-2026", "kondisi_bangunan": "bagus", "moda_terhubung": "MRT", "jarak_ke_stasiun_meter": 1343.5, "nearest_station_verified": "ciracas"}}, {"type": "Feature", "geometry": {"type": "Point", "coordinates": [106.8892778, -6.312278499999999, 0]}, "properties": {"id": "ChIJyR04nkHtaS4RhtZsNIlO2oY", "latitude": "-6.312278499999999", "longitude": "106.8892778", "name": "Warteg bumbu desa", "description": "Jalan SMP 160 No.28 RW.3 RT 7, RT.3/RW.1, Ceger", "tenant_type": "umkm-seasonal", "period": "1", "transaction_per_day": "3069000", "tenant_area": "3 m x 3 m", "target_market": "pekerja kantoran, pejalan kaki", "revenue_per_month": "92070000", "transaction_per_buyer": "99000", "rent_trend": "0.0", "rent_price_annual": "32500000", "rent_expiry_date": "none", "tanggal_survey": "23-Agu-2026", "kondisi_bangunan": "bagus", "moda_terhubung": "MRT", "jarak_ke_stasiun_meter": 1301.6, "nearest_station_verified": "ciracas"}}, {"type": "Feature", "geometry": {"type": "Point", "coordinates": [106.8872721, -6.3044031, 0]}, "properties": {"id": "ChIJv1iWdGftaS4Ru-Fc_8znglA", "latitude": "-6.3044031", "longitude": "106.8872721", "name": "Warung Tekko Green Terrace", "description": "Jalan Raya Mabes Hankam No.19, Bambu Apus", "tenant_type": "umkm-seasonal", "period": "10", "transaction_per_day": "5920000", "tenant_area": "4 m x 10 m", "target_market": "Warga, pejalan kaki, pekerja kantoran", "revenue_per_month": "177600000", "transaction_per_buyer": "80000", "rent_trend": "0.0", "rent_price_annual": "63000000", "rent_expiry_date": "none", "tanggal_survey": "23-Agu-2026", "kondisi_bangunan": "bagus", "moda_terhubung": "LRT", "jarak_ke_stasiun_meter": 1482.5, "nearest_station_verified": "tmii"}}, {"type": "Feature", "geometry": {"type": "Point", "coordinates": [106.8850938, -6.3028412, 0]}, "properties": {"id": "ChIJCyMO0GbtaS4R5WzXdgfFdto", "latitude": "-6.3028412", "longitude": "106.8850938", "name": "Pizza Hut Restoran - Taman Mini Central", "description": "Sentra Niaga Taman Mini Jl. Raya Taman Mini RT 01/01 TMII, Pintu 1 Tmii No.1, Ceger", "tenant_type": "umkm-tetap", "period": "4", "transaction_per_day": "1312000", "tenant_area": "3 m x 3 m", "target_market": "Warga, pejalan kaki, pekerja kantoran", "revenue_per_month": "39360000", "transaction_per_buyer": "41000", "rent_trend": "0.0", "rent_price_annual": "11000000", "rent_expiry_date": "none", "tanggal_survey": "23-Agu-2026", "kondisi_bangunan": "bagus", "moda_terhubung": "LRT", "jarak_ke_stasiun_meter": 1217.5, "nearest_station_verified": "tmii"}}, {"type": "Feature", "geometry": {"type": "Point", "coordinates": [106.8841255, -6.309902899999999, 0]}, "properties": {"id": "ChIJhVMKIGntaS4RGGVKe0-aC6M", "latitude": "-6.309902899999999", "longitude": "106.8841255", "name": "warkop terbus", "description": "MVRM+2MJ, RT.11/RW.6, Rambutan", "tenant_type": "umkm-seasonal", "period": "1", "transaction_per_day": "2604000", "tenant_area": "4 m x 3 m", "target_market": "pejalan kaki, pekerja kantoran", "revenue_per_month": "78120000", "transaction_per_buyer": "62000", "rent_trend": "0.0", "rent_price_annual": "24500000", "rent_expiry_date": "none", "tanggal_survey": "23-Agu-2026", "kondisi_bangunan": "bagus", "moda_terhubung": "LRT", "jarak_ke_stasiun_meter": 1560.3, "nearest_station_verified": "ciracas"}}, {"type": "Feature", "geometry": {"type": "Point", "coordinates": [106.884045, -6.309981, 0]}, "properties": {"id": "ChIJp6F_iRPtaS4RW2TGWFrtUos", "latitude": "-6.309981", "longitude": "106.884045", "name": "Rumah Makan Thamrin Khas Batak", "description": "Terminal Kampung Rambutan, Jalan Terminal Kampung Rambutan RT.11/RW.6, Rambutan", "tenant_type": "umkm-seasonal", "period": "8", "transaction_per_day": "2352000", "tenant_area": "3.5 m x 3.5 m", "target_market": "Warga, pejalan kaki, pekerja kantoran", "revenue_per_month": "70560000", "transaction_per_buyer": "48000", "rent_trend": "0.0", "rent_price_annual": "22000000", "rent_expiry_date": "none", "tanggal_survey": "23-Agu-2026", "kondisi_bangunan": "bagus", "moda_terhubung": "LRT", "jarak_ke_stasiun_meter": 1553.4, "nearest_station_verified": "ciracas"}}, {"type": "Feature", "geometry": {"type": "Point", "coordinates": [106.8840839, -6.308821699999999, 0]}, "properties": {"id": "ChIJXx5QsPDtaS4R8iHcXbYYlaY", "latitude": "-6.308821699999999", "longitude": "106.8840839", "name": "Warung Erni Bubur Ayam dan Ayam Bakar", "description": "MVRM+FJG, Jalan Terminal Kampung Rambutan RT.11/RW.6, Rambutan", "tenant_type": "umkm-tetap", "period": "1", "transaction_per_day": "3348000", "tenant_area": "3.5 m x 3.5 m", "target_market": "pekerja kantoran, pejalan kaki, warga", "revenue_per_month": "100440000", "transaction_per_buyer": "93000", "rent_trend": "0.0", "rent_price_annual": "34500000", "rent_expiry_date": "none", "tanggal_survey": "23-Agu-2026", "kondisi_bangunan": "bagus", "moda_terhubung": "LRT", "jarak_ke_stasiun_meter": 1679.5, "nearest_station_verified": "ciracas"}}, {"type": "Feature", "geometry": {"type": "Point", "coordinates": [106.8839949, -6.310149500000001, 0]}, "properties": {"id": "ChIJUYHUKmHtaS4RCPPdGNJk6CI", "latitude": "-6.310149500000001", "longitude": "106.8839949", "name": "Dapoer Destik Ya'ahowu", "description": "Ruang Tunggu Terminal AKAP, Jalan Terminal Kampung Rambutan kp RT.11/RW.6, Rambutan", "tenant_type": "umkm-tetap", "period": "3", "transaction_per_day": "7614000", "tenant_area": "4 m x 3 m", "target_market": "pekerja kantoran, pejalan kaki", "revenue_per_month": "228420000", "transaction_per_buyer": "94000", "rent_trend": "0.0", "rent_price_annual": "85000000", "rent_expiry_date": "none", "tanggal_survey": "23-Agu-2026", "kondisi_bangunan": "bagus", "moda_terhubung": "LRT", "jarak_ke_stasiun_meter": 1536.1, "nearest_station_verified": "ciracas"}}, {"type": "Feature", "geometry": {"type": "Point", "coordinates": [106.8834332, -6.309099499999999, 0]}, "properties": {"id": "ChIJIwAzXnftaS4R_dgG0VDjmP4", "latitude": "-6.309099499999999", "longitude": "106.8834332", "name": "Warung ibu Ratna", "description": "MVRM+997, Jalan Manunggal II RT.11/RW.6, Rambutan", "tenant_type": "umkm-tetap", "period": "4", "transaction_per_day": "1120000", "tenant_area": "3.5 m x 3.5 m", "target_market": "pejalan kaki, pekerja kantoran", "revenue_per_month": "33600000", "transaction_per_buyer": "35000", "rent_trend": "0.0", "rent_price_annual": "9500000", "rent_expiry_date": "none", "tanggal_survey": "23-Agu-2026", "kondisi_bangunan": "bagus", "moda_terhubung": "LRT", "jarak_ke_stasiun_meter": 1663.2, "nearest_station_verified": "ciracas"}}, {"type": "Feature", "geometry": {"type": "Point", "coordinates": [106.8832192, -6.3092682, 0]}, "properties": {"id": "ChIJbahJIk_taS4RgE_LRypkEf4", "latitude": "-6.3092682", "longitude": "106.8832192", "name": "RM. Rima Jaya", "description": "11, RT.11/RW.6, Rambutan", "tenant_type": "umkm-tetap", "period": "8", "transaction_per_day": "3120000", "tenant_area": "4 m x 3 m", "target_market": "pekerja kantoran, pejalan kaki", "revenue_per_month": "93600000", "transaction_per_buyer": "40000", "rent_trend": "0.0", "rent_price_annual": "32000000", "rent_expiry_date": "none", "tanggal_survey": "23-Agu-2026", "kondisi_bangunan": "bagus", "moda_terhubung": "LRT", "jarak_ke_stasiun_meter": 1650.2, "nearest_station_verified": "ciracas"}}, {"type": "Feature", "geometry": {"type": "Point", "coordinates": [106.8832038, -6.3096267, 0]}, "properties": {"id": "ChIJB9jJ1mjtaS4RAvGxQ-iy87I", "latitude": "-6.3096267", "longitude": "106.8832038", "name": "Bakso mastom", "description": "Jalan Terminal Kampung Rambutan RT.11/RW.6, Rambutan", "tenant_type": "umkm-seasonal", "period": "6", "transaction_per_day": "3686000", "tenant_area": "4 m x 3 m", "target_market": "pejalan kaki, pekerja kantoran", "revenue_per_month": "110580000", "transaction_per_buyer": "97000", "rent_trend": "0.0", "rent_price_annual": "37500000", "rent_expiry_date": "none", "tanggal_survey": "23-Agu-2026", "kondisi_bangunan": "bagus", "moda_terhubung": "LRT", "jarak_ke_stasiun_meter": 1611.9, "nearest_station_verified": "ciracas"}}, {"type": "Feature", "geometry": {"type": "Point", "coordinates": [106.8831892, -6.309588, 0]}, "properties": {"id": "ChIJ_Yp4J2ntaS4ROO-tjnLO-aE", "latitude": "-6.309588", "longitude": "106.8831892", "name": "Soto Lamongan 21", "description": "MVRM+578, RT.11/RW.6, Rambutan", "tenant_type": "umkm-seasonal", "period": "10", "transaction_per_day": "5644000", "tenant_area": "4 m x 3 m", "target_market": "Warga, pejalan kaki, pekerja kantoran", "revenue_per_month": "169320000", "transaction_per_buyer": "83000", "rent_trend": "0.0", "rent_price_annual": "60000000", "rent_expiry_date": "none", "tanggal_survey": "23-Agu-2026", "kondisi_bangunan": "bagus", "moda_terhubung": "LRT", "jarak_ke_stasiun_meter": 1616.4, "nearest_station_verified": "ciracas"}}, {"type": "Feature", "geometry": {"type": "Point", "coordinates": [106.885492, -6.308688200000001, 0]}, "properties": {"id": "ChIJx7A6EgDtaS4RDCFJ4sZvRr8", "latitude": "-6.308688200000001", "longitude": "106.885492", "name": "Warung Mama Khania", "description": "Gang Pijar Jalan Remaja RT.8/RW.1, Ceger", "tenant_type": "umkm-seasonal", "period": "7", "transaction_per_day": "2914000", "tenant_area": "4 m x 3 m", "target_market": "pejalan kaki, pekerja kantoran", "revenue_per_month": "87420000", "transaction_per_buyer": "94000", "rent_trend": "0.0", "rent_price_annual": "29500000", "rent_expiry_date": "none", "tanggal_survey": "23-Agu-2026", "kondisi_bangunan": "bagus", "moda_terhubung": "LRT", "jarak_ke_stasiun_meter": 1674.6, "nearest_station_verified": "ciracas"}}, {"type": "Feature", "geometry": {"type": "Point", "coordinates": [106.8858378, -6.3094091, 0]}, "properties": {"id": "ChIJ6UH52FHtaS4Rr4msqf9LfyA", "latitude": "-6.3094091", "longitude": "106.8858378", "name": "Mostato X Berasa Smoothies Ceger", "description": "Jalan Remaja No.16 8, RT.2/RW.1, Ceger", "tenant_type": "umkm-tetap", "period": "8", "transaction_per_day": "2160000", "tenant_area": "4 m x 3 m", "target_market": "pekerja kantoran, pejalan kaki", "revenue_per_month": "64800000", "transaction_per_buyer": "27000", "rent_trend": "0.0", "rent_price_annual": "19000000", "rent_expiry_date": "none", "tanggal_survey": "23-Agu-2026", "kondisi_bangunan": "bagus", "moda_terhubung": "LRT", "jarak_ke_stasiun_meter": 1591.9, "nearest_station_verified": "ciracas"}}, {"type": "Feature", "geometry": {"type": "Point", "coordinates": [106.8858804, -6.3090549, 0]}, "properties": {"id": "ChIJB_oZRwDtaS4R03RXxQWmAP0", "latitude": "-6.3090549", "longitude": "106.8858804", "name": "Dapur Anisa Catering Khas Banjar", "description": "MVRP+99C, RT.8/RW.1, Ceger", "tenant_type": "umkm-tetap", "period": "2", "transaction_per_day": "1672000", "tenant_area": "4 m x 4 m", "target_market": "Warga, pejalan kaki, pekerja kantoran", "revenue_per_month": "50160000", "transaction_per_buyer": "44000", "rent_trend": "0.0", "rent_price_annual": "12500000", "rent_expiry_date": "none", "tanggal_survey": "23-Agu-2026", "kondisi_bangunan": "bagus", "moda_terhubung": "LRT", "jarak_ke_stasiun_meter": 1631.0, "nearest_station_verified": "ciracas"}}, {"type": "Feature", "geometry": {"type": "Point", "coordinates": [106.8856114, -6.308163700000001, 0]}, "properties": {"id": "ChIJL6ve44PtaS4Rk_iQusjqHtg", "latitude": "-6.308163700000001", "longitude": "106.8856114", "name": "Mie ayam kimang", "description": "jalan remaja RT08/01, Gang Pijar No.50, RT.1/RW.1, Ceger", "tenant_type": "umkm-seasonal", "period": "10", "transaction_per_day": "7885000", "tenant_area": "4 m x 3 m", "target_market": "Warga, pejalan kaki, pekerja kantoran", "revenue_per_month": "236550000", "transaction_per_buyer": "83000", "rent_trend": "0.0", "rent_price_annual": "86000000", "rent_expiry_date": "none", "tanggal_survey": "23-Agu-2026", "kondisi_bangunan": "bagus", "moda_terhubung": "MRT", "jarak_ke_stasiun_meter": 1731.7, "nearest_station_verified": "ciracas"}}, {"type": "Feature", "geometry": {"type": "Point", "coordinates": [106.883448, -6.310936, 0]}, "properties": {"id": "ChIJm1duN2ntaS4R2TSb3XTvwnQ", "latitude": "-6.310936", "longitude": "106.883448", "name": "Warung Nasi Putra Tasik Khas Sunda", "description": "MVQM+J9G, Jalan Terminal Kampung Rambutan RT.11/RW.6, Rambutan", "tenant_type": "umkm-seasonal", "period": "8", "transaction_per_day": "1680000", "tenant_area": "4 m x 4 m", "target_market": "pekerja kantoran, pejalan kaki, warga", "revenue_per_month": "50400000", "transaction_per_buyer": "60000", "rent_trend": "0.0", "rent_price_annual": "13500000", "rent_expiry_date": "none", "tanggal_survey": "31-Agu-2026", "kondisi_bangunan": "bagus", "moda_terhubung": "LRT", "jarak_ke_stasiun_meter": 1464.1, "nearest_station_verified": "ciracas"}}, {"type": "Feature", "geometry": {"type": "Point", "coordinates": [106.8859411, -6.308540399999999, 0]}, "properties": {"id": "ChIJx2Qj2kntaS4RNqUyGBZzYsE", "latitude": "-6.308540399999999", "longitude": "106.8859411", "name": "Gado-gado Mama Lala", "description": "Jalan Remaja No.46, RT.1/RW.1, Ceger", "tenant_type": "umkm-seasonal", "period": "3", "transaction_per_day": "3870000", "tenant_area": "4 m x 3 m", "target_market": "pekerja kantoran, pejalan kaki", "revenue_per_month": "116100000", "transaction_per_buyer": "43000", "rent_trend": "0.0", "rent_price_annual": "39000000", "rent_expiry_date": "none", "tanggal_survey": "23-Agu-2026", "kondisi_bangunan": "bagus", "moda_terhubung": "LRT", "jarak_ke_stasiun_meter": 1687.8, "nearest_station_verified": "ciracas"}}, {"type": "Feature", "geometry": {"type": "Point", "coordinates": [106.8826956, -6.3087493, 0]}, "properties": {"id": "ChIJIdCUiK_taS4RkHHdS3wf6BM", "latitude": "-6.3087493", "longitude": "106.8826956", "name": "Warung Nanang", "description": "MVRM+G34, Jakarta Timur, RT.11/RW.6, Rambutan", "tenant_type": "umkm-seasonal", "period": "7", "transaction_per_day": "4277000", "tenant_area": "4 m x 3 m", "target_market": "pekerja kantoran, pejalan kaki", "revenue_per_month": "128310000", "transaction_per_buyer": "91000", "rent_trend": "0.0", "rent_price_annual": "43500000", "rent_expiry_date": "none", "tanggal_survey": "23-Agu-2026", "kondisi_bangunan": "bagus", "moda_terhubung": "LRT", "jarak_ke_stasiun_meter": 1720.3, "nearest_station_verified": "ciracas"}}, {"type": "Feature", "geometry": {"type": "Point", "coordinates": [106.8815458, -6.290871300000001, 0]}, "properties": {"id": "ChIJ6-JiuJvyaS4RFFLht1gsyZE", "latitude": "-6.290871300000001", "longitude": "106.8815458", "name": "Solaria Tamini Square", "description": "Solaria Tamini Square, Pintu 1 Tmii No.15 Lantai GF, RT.3/RW.2, Pinang Ranti", "tenant_type": "umkm-seasonal", "period": "3", "transaction_per_day": "4171000", "tenant_area": "4 m x 3 m", "target_market": "pekerja kantoran, pejalan kaki", "revenue_per_month": "125130000", "transaction_per_buyer": "43000", "rent_trend": "0.0", "rent_price_annual": "41500000", "rent_expiry_date": "none", "tanggal_survey": "23-Agu-2026", "kondisi_bangunan": "bagus", "moda_terhubung": "LRT", "jarak_ke_stasiun_meter": 249.1, "nearest_station_verified": "tmii"}}, {"type": "Feature", "geometry": {"type": "Point", "coordinates": [106.881179, -6.2905515, 0]}, "properties": {"id": "ChIJxWoivpvyaS4RG7fA5D7H72s", "latitude": "-6.2905515", "longitude": "106.881179", "name": "HokBen", "description": "Jalan Taman Mini I No.1, RT.3/RW.2, Pinang Ranti", "tenant_type": "umkm-tetap", "period": "7", "transaction_per_day": "3124000", "tenant_area": "3.5 m x 3 m", "target_market": "pekerja kantoran, pejalan kaki", "revenue_per_month": "93720000", "transaction_per_buyer": "44000", "rent_trend": "0.0", "rent_price_annual": "29000000", "rent_expiry_date": "none", "tanggal_survey": "23-Agu-2026", "kondisi_bangunan": "bagus", "moda_terhubung": "LRT", "jarak_ke_stasiun_meter": 267.9, "nearest_station_verified": "tmii"}}, {"type": "Feature", "geometry": {"type": "Point", "coordinates": [106.8827343, -6.2903307, 0]}, "properties": {"id": "ChIJv1ud2JvyaS4RH4XxoiYkess", "latitude": "-6.2903307", "longitude": "106.8827343", "name": "Ayam Bakar Riri", "description": "5, Jalan Raya Pondok Gede No.5, RT.5/RW.1, Pinang Ranti", "tenant_type": "umkm-tetap", "period": "2", "transaction_per_day": "3325000", "tenant_area": "4 m x 3 m", "target_market": "pejalan kaki, pekerja kantoran", "revenue_per_month": "99750000", "transaction_per_buyer": "95000", "rent_trend": "0.0", "rent_price_annual": "35500000", "rent_expiry_date": "none", "tanggal_survey": "23-Agu-2026", "kondisi_bangunan": "bagus", "moda_terhubung": "LRT", "jarak_ke_stasiun_meter": 372.9, "nearest_station_verified": "tmii"}}, {"type": "Feature", "geometry": {"type": "Point", "coordinates": [106.8827888, -6.290286800000001, 0]}, "properties": {"id": "ChIJk4oSYpnyaS4RLEAE-cNfHRo", "latitude": "-6.290286800000001", "longitude": "106.8827888", "name": "Pizza Hut Restoran", "description": "Jalan Raya Pondok Gede No.5, RT.5/RW.1, Pinang Ranti", "tenant_type": "umkm-seasonal", "period": "10", "transaction_per_day": "6688000", "tenant_area": "4 m x 3 m", "target_market": "pekerja kantoran, pejalan kaki", "revenue_per_month": "200640000", "transaction_per_buyer": "76000", "rent_trend": "0.0", "rent_price_annual": "72500000", "rent_expiry_date": "none", "tanggal_survey": "23-Agu-2026", "kondisi_bangunan": "bagus", "moda_terhubung": "LRT", "jarak_ke_stasiun_meter": 380.5, "nearest_station_verified": "tmii"}}, {"type": "Feature", "geometry": {"type": "Point", "coordinates": [106.8804639, -6.288971199999999, 0]}, "properties": {"id": "ChIJ3R5hUJryaS4RIeBHhX6DFig", "latitude": "-6.288971199999999", "longitude": "106.8804639", "name": "Warung sunda", "description": "Jalan Haji Ahmad Tarmiji No.42 14, RT.15/RW.1, Pinang Ranti", "tenant_type": "umkm-tetap", "period": "6", "transaction_per_day": "1767000", "tenant_area": "5 m x 5 m", "target_market": "pekerja kantoran, warga", "revenue_per_month": "53010000", "transaction_per_buyer": "57000", "rent_trend": "0.0", "rent_price_annual": "15000000", "rent_expiry_date": "none", "tanggal_survey": "23-Agu-2026", "kondisi_bangunan": "bagus", "moda_terhubung": "MRT", "jarak_ke_stasiun_meter": 434.0, "nearest_station_verified": "tmii"}}, {"type": "Feature", "geometry": {"type": "Point", "coordinates": [106.8841773, -6.290595600000001, 0]}, "properties": {"id": "ChIJzZBAQJnyaS4Rb5eyYVaUeZ8", "latitude": "-6.290595600000001", "longitude": "106.8841773", "name": "Domino's Pizza", "description": "Jalan Raya Pondok Gede No.37, RT.2/RW.1, Pinang Ranti", "tenant_type": "umkm-tetap", "period": "3", "transaction_per_day": "2816000", "tenant_area": "4 m x 3 m", "target_market": "pekerja kantoran, pejalan kaki", "revenue_per_month": "84480000", "transaction_per_buyer": "64000", "rent_trend": "0.0", "rent_price_annual": "28500000", "rent_expiry_date": "none", "tanggal_survey": "23-Agu-2026", "kondisi_bangunan": "bagus", "moda_terhubung": "LRT", "jarak_ke_stasiun_meter": 475.7, "nearest_station_verified": "tmii"}}, {"type": "Feature", "geometry": {"type": "Point", "coordinates": [106.875679, -6.2890443, 0]}, "properties": {"id": "ChIJJ3orPIXyaS4RvNgNeTAoES0", "latitude": "-6.2890443", "longitude": "106.875679", "name": "Ayam Penyet Sambel Dower", "description": "Jalan Dukuh III No.5A 3, RT.2/RW.2, Dukuh", "tenant_type": "umkm-tetap", "period": "3", "transaction_per_day": "4473000", "tenant_area": "4 m x 3 m", "target_market": "pekerja kantoran, pejalan kaki", "revenue_per_month": "134190000", "transaction_per_buyer": "63000", "rent_trend": "0.0", "rent_price_annual": "46000000", "rent_expiry_date": "none", "tanggal_survey": "23-Agu-2026", "kondisi_bangunan": "bagus", "moda_terhubung": "LRT", "jarak_ke_stasiun_meter": 685.1, "nearest_station_verified": "tmii"}}, {"type": "Feature", "geometry": {"type": "Point", "coordinates": [106.8830305, -6.2869141, 0]}, "properties": {"id": "ChIJ8Tn8_ZnyaS4RNC782V-2ZS0", "latitude": "-6.2869141", "longitude": "106.8830305", "name": "ROTI BAKAR JAPAR 48", "description": "Jl. Pinang Ranti II No.47, Makasar, Kota Jkt Tim Daerah Khusus Ibukota RW.1 RT.13, Jalan Pinang Ranti II No.47, RT.13/RW.1, Pinang Ranti", "tenant_type": "umkm-seasonal", "period": "9", "transaction_per_day": "1800000", "tenant_area": "4 m x 3 m", "target_market": "pekerja kantoran, pejalan kaki, warga", "revenue_per_month": "54000000", "transaction_per_buyer": "25000", "rent_trend": "6.62", "rent_price_annual": "17500000", "rent_expiry_date": "none", "tanggal_survey": "23-Agu-2026", "kondisi_bangunan": "bagus", "moda_terhubung": "LRT", "jarak_ke_stasiun_meter": 717.8, "nearest_station_verified": "tmii"}}, {"type": "Feature", "geometry": {"type": "Point", "coordinates": [106.886225, -6.296294500000001, 0]}, "properties": {"id": "ChIJE2DmtZ_yaS4R_jrT4d29A8Y", "latitude": "-6.296294500000001", "longitude": "106.886225", "name": "Sate Taichan Ummi", "description": "Gang Damai 2 No.17, RT.17/RW.2, Pinang Ranti", "tenant_type": "umkm-tetap", "period": "7", "transaction_per_day": "1470000", "tenant_area": "3.5 m x 3.5 m", "target_market": "Warga, pejalan kaki, pekerja kantoran", "revenue_per_month": "44100000", "transaction_per_buyer": "35000", "rent_trend": "0.0", "rent_price_annual": "13000000", "rent_expiry_date": "none", "tanggal_survey": "23-Agu-2026", "kondisi_bangunan": "bagus", "moda_terhubung": "MRT", "jarak_ke_stasiun_meter": 735.0, "nearest_station_verified": "tmii"}}, {"type": "Feature", "geometry": {"type": "Point", "coordinates": [106.8805683, -6.292712899999999, 0]}, "properties": {"id": "ChIJEUgwSgDzaS4RENExC2qiIJI", "latitude": "-6.292712899999999", "longitude": "106.8805683", "name": "BREWi JAYA COFFEE & EATERY JAGORAWI", "description": "PV4J+W68, Jalan Taman Mini I RT.3/RW.2, Pinang Ranti", "tenant_type": "umkm-tetap", "period": "5", "transaction_per_day": "2835000", "tenant_area": "4 m x 3 m", "target_market": "Warga, pejalan kaki, pekerja kantoran", "revenue_per_month": "85050000", "transaction_per_buyer": "81000", "rent_trend": "6.62", "rent_price_annual": "26000000", "rent_expiry_date": "none", "tanggal_survey": "23-Agu-2026", "kondisi_bangunan": "bagus", "moda_terhubung": "LRT", "jarak_ke_stasiun_meter": 18.3, "nearest_station_verified": "tmii"}}, {"type": "Feature", "geometry": {"type": "Point", "coordinates": [106.8807279, -6.2927136, 0]}, "properties": {"id": "ChIJSS6ePQDzaS4R8xAunu6UPp8", "latitude": "-6.2927136", "longitude": "106.8807279", "name": "Nasi Campur Bali \"Gek Ni Luh\"", "description": "PV4J+V7F, RT.3/RW.2, Pinang Ranti", "tenant_type": "umkm-tetap", "period": "10", "transaction_per_day": "5624000", "tenant_area": "3.5 m x 3.5 m", "target_market": "Warga, pejalan kaki, pekerja kantoran", "revenue_per_month": "168720000", "transaction_per_buyer": "74000", "rent_trend": "0.0", "rent_price_annual": "60000000", "rent_expiry_date": "none", "tanggal_survey": "23-Agu-2026", "kondisi_bangunan": "bagus", "moda_terhubung": "LRT", "jarak_ke_stasiun_meter": 27.8, "nearest_station_verified": "tmii"}}, {"type": "Feature", "geometry": {"type": "Point", "coordinates": [106.8807719, -6.293001900000001, 0]}, "properties": {"id": "ChIJ_y1cGwDzaS4RwMrR2l4oXF4", "latitude": "-6.293001900000001", "longitude": "106.8807719", "name": "Street Sushi Travoy Hub", "description": "Jalan Taman Mini I RT.3/RW.2, Pinang Ranti", "tenant_type": "umkm-seasonal", "period": "7", "transaction_per_day": "2726000", "tenant_area": "4 m x 3 m", "target_market": "pekerja kantoran, pejalan kaki, warga", "revenue_per_month": "81780000", "transaction_per_buyer": "47000", "rent_trend": "0.0", "rent_price_annual": "28000000", "rent_expiry_date": "none", "tanggal_survey": "23-Agu-2026", "kondisi_bangunan": "bagus", "moda_terhubung": "LRT", "jarak_ke_stasiun_meter": 29.8, "nearest_station_verified": "tmii"}}, {"type": "Feature", "geometry": {"type": "Point", "coordinates": [106.8807878, -6.2930784, 0]}, "properties": {"id": "ChIJkZKCFdbzaS4RR1X6uA4yujk", "latitude": "-6.2930784", "longitude": "106.8807878", "name": "Solaria - Travoy Hub", "description": "Jalan Taman Mini I RT.3/RW.2, Pinang Ranti", "tenant_type": "umkm-seasonal", "period": "9", "transaction_per_day": "3960000", "tenant_area": "3 m x 3 m", "target_market": "pekerja kantoran, pejalan kaki", "revenue_per_month": "118800000", "transaction_per_buyer": "55000", "rent_trend": "0.0", "rent_price_annual": "42500000", "rent_expiry_date": "none", "tanggal_survey": "23-Agu-2026", "kondisi_bangunan": "bagus", "moda_terhubung": "LRT", "jarak_ke_stasiun_meter": 36.0, "nearest_station_verified": "tmii"}}, {"type": "Feature", "geometry": {"type": "Point", "coordinates": [106.8808642, -6.2929865, 0]}, "properties": {"id": "ChIJtRHjnqrzaS4R_D8b1RbBkkU", "latitude": "-6.2929865", "longitude": "106.8808642", "name": "Eats & Co Travoy Hub Lt.2", "description": "Jalan Taman Mini I RT.4/RW.2, Pinang Ranti", "tenant_type": "umkm-tetap", "period": "1", "transaction_per_day": "4026000", "tenant_area": "3.5 m x 3 m", "target_market": "pekerja kantoran, warga", "revenue_per_month": "120780000", "transaction_per_buyer": "66000", "rent_trend": "0.0", "rent_price_annual": "41500000", "rent_expiry_date": "none", "tanggal_survey": "31-Agu-2026", "kondisi_bangunan": "bagus", "moda_terhubung": "LRT", "jarak_ke_stasiun_meter": 38.5, "nearest_station_verified": "tmii"}}, {"type": "Feature", "geometry": {"type": "Point", "coordinates": [106.8808709, -6.2929806, 0]}, "properties": {"id": "ChIJa6B5qIPzaS4R0tAmote-LEA", "latitude": "-6.2929806", "longitude": "106.8808709", "name": "Restoran Simpang Raya Travoy Hub", "description": "jln taman mini 1 rt 03 rw 02 Simpang Raya no tenant GF 10, kel pinang ranti, kec Makasar, kota adm jakarta timur, provinsi DKI Jakarta, RT.4/RW.2, Pinang Ranti", "tenant_type": "umkm-seasonal", "period": "7", "transaction_per_day": "2387000", "tenant_area": "4 m x 10 m", "target_market": "pekerja kantoran, warga", "revenue_per_month": "71610000", "transaction_per_buyer": "31000", "rent_trend": "0.0", "rent_price_annual": "23000000", "rent_expiry_date": "none", "tanggal_survey": "30-Agu-2026", "kondisi_bangunan": "bagus", "moda_terhubung": "LRT", "jarak_ke_stasiun_meter": 39.0, "nearest_station_verified": "tmii"}}, {"type": "Feature", "geometry": {"type": "Point", "coordinates": [106.8807031, -6.2925125, 0]}, "properties": {"id": "ChIJWVSfcwDzaS4RxHgL3uJMoVQ", "latitude": "-6.2925125", "longitude": "106.8807031", "name": "Kwetiau Aho 28 Travoy Hub / TCD Taman Mini", "description": "PV4J+X7W, RT.3/RW.2, Pinang Ranti", "tenant_type": "umkm-tetap", "period": "6", "transaction_per_day": "2320000", "tenant_area": "4 m x 3 m", "target_market": "Warga, pejalan kaki, pekerja kantoran", "revenue_per_month": "69600000", "transaction_per_buyer": "40000", "rent_trend": "0.0", "rent_price_annual": "20500000", "rent_expiry_date": "none", "tanggal_survey": "23-Agu-2026", "kondisi_bangunan": "bagus", "moda_terhubung": "MRT", "jarak_ke_stasiun_meter": 44.3, "nearest_station_verified": "tmii"}}, {"type": "Feature", "geometry": {"type": "Point", "coordinates": [106.8808839, -6.2930321, 0]}, "properties": {"id": "ChIJRTjkLgDzaS4RwBBxSjNryRo", "latitude": "-6.2930321", "longitude": "106.8808839", "name": "Es Cendol Durian Bang Ipul", "description": "PV4J+Q9J, Jalan Taman Mini I RT.3/RW.2, Pinang Ranti", "tenant_type": "umkm-tetap", "period": "10", "transaction_per_day": "2772000", "tenant_area": "3.5 m x 3 m", "target_market": "pekerja kantoran, pejalan kaki", "revenue_per_month": "83160000", "transaction_per_buyer": "84000", "rent_trend": "0.0", "rent_price_annual": "29000000", "rent_expiry_date": "none", "tanggal_survey": "31-Agu-2026", "kondisi_bangunan": "bagus", "moda_terhubung": "LRT", "jarak_ke_stasiun_meter": 42.4, "nearest_station_verified": "tmii"}}, {"type": "Feature", "geometry": {"type": "Point", "coordinates": [106.8810527, -6.291992599999999, 0]}, "properties": {"id": "ChIJ5cGUCpzyaS4RN9VIuW3QWgE", "latitude": "-6.291992599999999", "longitude": "106.8810527", "name": "RM. Karimata Taman Mini", "description": "Jalan Raya Taman Mini No.2, RT.4/RW.2, Pinang Ranti", "tenant_type": "umkm-seasonal", "period": "9", "transaction_per_day": "624000", "tenant_area": "4 m x 3 m", "target_market": "Warga, pejalan kaki, pekerja kantoran", "revenue_per_month": "18720000", "transaction_per_buyer": "26000", "rent_trend": "0.0", "rent_price_annual": "2000000", "rent_expiry_date": "none", "tanggal_survey": "23-Agu-2026", "kondisi_bangunan": "bagus", "moda_terhubung": "LRT", "jarak_ke_stasiun_meter": 113.5, "nearest_station_verified": "tmii"}}, {"type": "Feature", "geometry": {"type": "Point", "coordinates": [106.8795453, -6.293262899999999, 0]}, "properties": {"id": "ChIJS9Rkk0fzaS4ROZlS0HL4Oc8", "latitude": "-6.293262899999999", "longitude": "106.8795453", "name": "kebab ibu beruang", "description": "PV4H+MRV, RT.11/RW.5, Dukuh", "tenant_type": "umkm-seasonal", "period": "1", "transaction_per_day": "1350000", "tenant_area": "4 m x 3 m", "target_market": "pekerja kantoran, pejalan kaki", "revenue_per_month": "40500000", "transaction_per_buyer": "25000", "rent_trend": "0.0", "rent_price_annual": "12000000", "rent_expiry_date": "none", "tanggal_survey": "31-Agu-2026", "kondisi_bangunan": "bagus", "moda_terhubung": "MRT", "jarak_ke_stasiun_meter": 117.6, "nearest_station_verified": "tmii"}}, {"type": "Feature", "geometry": {"type": "Point", "coordinates": [106.8798206, -6.293750999999999, 0]}, "properties": {"id": "ChIJKbHVCADzaS4Rx6EzL3VXQpw", "latitude": "-6.293750999999999", "longitude": "106.8798206", "name": "Kue Pastel Mama icha", "description": "Jalan Dukuh V No.25A, RT.7/RW.5, Dukuh", "tenant_type": "umkm-seasonal", "period": "4", "transaction_per_day": "6768000", "tenant_area": "4 m x 3 m", "target_market": "pekerja kantoran, pejalan kaki", "revenue_per_month": "203040000", "transaction_per_buyer": "72000", "rent_trend": "0.0", "rent_price_annual": "74500000", "rent_expiry_date": "none", "tanggal_survey": "23-Agu-2026", "kondisi_bangunan": "bagus", "moda_terhubung": "LRT", "jarak_ke_stasiun_meter": 125.5, "nearest_station_verified": "tmii"}}, {"type": "Feature", "geometry": {"type": "Point", "coordinates": [106.8830676, -6.318758799999999, 0]}, "properties": {"id": "ChIJaW7AoRTtaS4RjuC5744sy64", "latitude": "-6.318758799999999", "longitude": "106.8830676", "name": "Nasi Bakar Uni Dian", "description": "Jalan Pengantin Ali No.20 8, RT.8/RW.6, Ciracas", "tenant_type": "umkm-seasonal", "period": "9", "transaction_per_day": "1332000", "tenant_area": "3.5 m x 3.5 m", "target_market": "pekerja kantoran, pejalan kaki", "revenue_per_month": "39960000", "transaction_per_buyer": "36000", "rent_trend": "0.0", "rent_price_annual": "10500000", "rent_expiry_date": "none", "tanggal_survey": "23-Agu-2026", "kondisi_bangunan": "bagus", "moda_terhubung": "LRT", "jarak_ke_stasiun_meter": 680.5, "nearest_station_verified": "ciracas"}}, {"type": "Feature", "geometry": {"type": "Point", "coordinates": [106.8836619, -6.3244633, 0]}, "properties": {"id": "ChIJ69fhIwDtaS4RjVeqT0aJazk", "latitude": "-6.3244633", "longitude": "106.8836619", "name": "JIF Pizza - Ciracas", "description": "Jalan Pengantin Ali No.32 6, RT.6/RW.6, Ciracas", "tenant_type": "umkm-tetap", "period": "4", "transaction_per_day": "8835000", "tenant_area": "4 m x 10 m", "target_market": "Warga, pejalan kaki, pekerja kantoran", "revenue_per_month": "265050000", "transaction_per_buyer": "93000", "rent_trend": "0.0", "rent_price_annual": "98000000", "rent_expiry_date": "none", "tanggal_survey": "23-Agu-2026", "kondisi_bangunan": "bagus", "moda_terhubung": "LRT", "jarak_ke_stasiun_meter": 346.3, "nearest_station_verified": "ciracas"}}, {"type": "Feature", "geometry": {"type": "Point", "coordinates": [106.8838134, -6.324991199999999, 0]}, "properties": {"id": "ChIJiXtjgA7taS4R7y2Kn1ozfi4", "latitude": "-6.324991199999999", "longitude": "106.8838134", "name": "RUMAH MAKAN MAWAR", "description": "Jalan Asem No.3a 4, RT.4/RW.6, Ciracas", "tenant_type": "umkm-tetap", "period": "10", "transaction_per_day": "1708000", "tenant_area": "3.5 m x 3 m", "target_market": "pejalan kaki, pekerja kantoran", "revenue_per_month": "51240000", "transaction_per_buyer": "61000", "rent_trend": "0.0", "rent_price_annual": "13500000", "rent_expiry_date": "none", "tanggal_survey": "23-Agu-2026", "kondisi_bangunan": "bagus", "moda_terhubung": "LRT", "jarak_ke_stasiun_meter": 349.8, "nearest_station_verified": "ciracas"}}, {"type": "Feature", "geometry": {"type": "Point", "coordinates": [106.8834023, -6.3246122, 0]}, "properties": {"id": "ChIJw_bUcortaS4RZwpSaFwDWpo", "latitude": "-6.3246122", "longitude": "106.8834023", "name": "Bakso Rusuk Joss Ciracas Restaurant", "description": "Jalan Pengantin Ali No.30, RT.6/RW.6, Ciracas", "tenant_type": "umkm-tetap", "period": "3", "transaction_per_day": "5208000", "tenant_area": "4 m x 3 m", "target_market": "pekerja kantoran, pejalan kaki, warga", "revenue_per_month": "156240000", "transaction_per_buyer": "56000", "rent_trend": "0.0", "rent_price_annual": "54000000", "rent_expiry_date": "none", "tanggal_survey": "23-Agu-2026", "kondisi_bangunan": "bagus", "moda_terhubung": "LRT", "jarak_ke_stasiun_meter": 378.3, "nearest_station_verified": "ciracas"}}, {"type": "Feature", "geometry": {"type": "Point", "coordinates": [106.8834573, -6.3252381, 0]}, "properties": {"id": "ChIJXYlQfgftaS4Ridd0gFKAy90", "latitude": "-6.3252381", "longitude": "106.8834573", "name": "Family Corner", "description": "Jalan Pengantin Ali No.105, RT.4/RW.6, Ciracas", "tenant_type": "umkm-tetap", "period": "9", "transaction_per_day": "2541000", "tenant_area": "4 m x 3 m", "target_market": "pekerja kantoran, pejalan kaki, warga", "revenue_per_month": "76230000", "transaction_per_buyer": "33000", "rent_trend": "0.0", "rent_price_annual": "23000000", "rent_expiry_date": "none", "tanggal_survey": "23-Agu-2026", "kondisi_bangunan": "bagus", "moda_terhubung": "LRT", "jarak_ke_stasiun_meter": 397.1, "nearest_station_verified": "ciracas"}}, {"type": "Feature", "geometry": {"type": "Point", "coordinates": [106.8840818, -6.3234506, 0]}, "properties": {"id": "ChIJ34i9JA_taS4RcZ9I-jJa-pY", "latitude": "-6.3234506", "longitude": "106.8840818", "name": "Pawonenur Aqiqah (Nasi Kebuli Pawonenur)", "description": "Jalan Pengantin Ali No.3, RT.1/RW.6, Ciracas", "tenant_type": "umkm-tetap", "period": "2", "transaction_per_day": "1548000", "tenant_area": "3.5 m x 3 m", "target_market": "pekerja kantoran, pejalan kaki", "revenue_per_month": "46440000", "transaction_per_buyer": "43000", "rent_trend": "0.0", "rent_price_annual": "11500000", "rent_expiry_date": "none", "tanggal_survey": "23-Agu-2026", "kondisi_bangunan": "bagus", "moda_terhubung": "LRT", "jarak_ke_stasiun_meter": 290.7, "nearest_station_verified": "ciracas"}}, {"type": "Feature", "geometry": {"type": "Point", "coordinates": [106.8831137, -6.325214700000001, 0]}, "properties": {"id": "ChIJGSDOvi7taS4RhZvNKnQCXL4", "latitude": "-6.325214700000001", "longitude": "106.8831137", "name": "Pecel Ayam dan Lele Oasis Mansion", "description": "Jalan Pengantin Ali No.42, RT.6/RW.6, Ciracas", "tenant_type": "franchise-tetap", "period": "4", "transaction_per_day": "1872000", "tenant_area": "4 m x 3 m", "target_market": "pekerja kantoran, pejalan kaki", "revenue_per_month": "56160000", "transaction_per_buyer": "72000", "rent_trend": "0.0", "rent_price_annual": "17500000", "rent_expiry_date": "none", "tanggal_survey": "23-Agu-2026", "kondisi_bangunan": "bagus", "moda_terhubung": "LRT", "jarak_ke_stasiun_meter": 430.7, "nearest_station_verified": "ciracas"}}, {"type": "Feature", "geometry": {"type": "Point", "coordinates": [106.8829131, -6.323947800000001, 0]}, "properties": {"id": "ChIJDWdEpCvtaS4Ru7umocM1Qbg", "latitude": "-6.323947800000001", "longitude": "106.8829131", "name": "KUNYAH NYAH", "description": "Jalan Pengantin Ali Gang Mawar RT.13/RW06/RW.No.63, Ciracas", "tenant_type": "umkm-tetap", "period": "6", "transaction_per_day": "1755000", "tenant_area": "4 m x 3 m", "target_market": "pekerja kantoran, pejalan kaki", "revenue_per_month": "52650000", "transaction_per_buyer": "27000", "rent_trend": "0.0", "rent_price_annual": "14500000", "rent_expiry_date": "none", "tanggal_survey": "23-Agu-2026", "kondisi_bangunan": "bagus", "moda_terhubung": "LRT", "jarak_ke_stasiun_meter": 419.4, "nearest_station_verified": "ciracas"}}, {"type": "Feature", "geometry": {"type": "Point", "coordinates": [106.8838087, -6.323306299999999, 0]}, "properties": {"id": "ChIJ6R5QEhTtaS4R89ZzEBL7nF4", "latitude": "-6.323306299999999", "longitude": "106.8838087", "name": "Warung indomie", "description": "Jalan Pengantin Ali No.90 7, RT.7/RW.6, Ciracas", "tenant_type": "umkm-seasonal", "period": "2", "transaction_per_day": "1408000", "tenant_area": "4 m x 3 m", "target_market": "pekerja kantoran, warga", "revenue_per_month": "42240000", "transaction_per_buyer": "44000", "rent_trend": "0.0", "rent_price_annual": "9500000", "rent_expiry_date": "none", "tanggal_survey": "23-Agu-2026", "kondisi_bangunan": "bagus", "moda_terhubung": "LRT", "jarak_ke_stasiun_meter": 322.5, "nearest_station_verified": "ciracas"}}, {"type": "Feature", "geometry": {"type": "Point", "coordinates": [106.8828301, -6.324003899999999, 0]}, "properties": {"id": "ChIJPTMkthbtaS4RspHJOw_jjKk", "latitude": "-6.324003899999999", "longitude": "106.8828301", "name": "Kongkow dhe By Ldab", "description": "No Jalan Pengantin Ali No.56 6, RT.6/RW.6, Ciracas", "tenant_type": "umkm-seasonal", "period": "8", "transaction_per_day": "2832000", "tenant_area": "4 m x 3 m", "target_market": "pekerja kantoran, pejalan kaki", "revenue_per_month": "84960000", "transaction_per_buyer": "48000", "rent_trend": "0.0", "rent_price_annual": "29500000", "rent_expiry_date": "none", "tanggal_survey": "23-Agu-2026", "kondisi_bangunan": "bagus", "moda_terhubung": "LRT", "jarak_ke_stasiun_meter": 429.0, "nearest_station_verified": "ciracas"}}, {"type": "Feature", "geometry": {"type": "Point", "coordinates": [106.8828281, -6.325233799999999, 0]}, "properties": {"id": "ChIJLaA4xvjtaS4RQ8xcFEs3URQ", "latitude": "-6.325233799999999", "longitude": "106.8828281", "name": "Rasa Tambah", "description": "Jalan Pengantin Ali No.42, RT.6/RW.6, Ciracas", "tenant_type": "umkm-seasonal", "period": "8", "transaction_per_day": "4758000", "tenant_area": "4 m x 3 m", "target_market": "pejalan kaki, pekerja kantoran", "revenue_per_month": "142740000", "transaction_per_buyer": "78000", "rent_trend": "0.0", "rent_price_annual": "52000000", "rent_expiry_date": "none", "tanggal_survey": "23-Agu-2026", "kondisi_bangunan": "bagus", "moda_terhubung": "MRT", "jarak_ke_stasiun_meter": 460.7, "nearest_station_verified": "ciracas"}}, {"type": "Feature", "geometry": {"type": "Point", "coordinates": [106.882999, -6.325475700000001, 0]}, "properties": {"id": "ChIJ-ayOSADtaS4R2AND9Sgtpqg", "latitude": "-6.325475700000001", "longitude": "106.882999", "name": "Es Dawet Durian 114 Ciracas", "description": "Jalan Pengantin Ali 6 No.23, RT.6/RW.6, Ciracas", "tenant_type": "umkm-tetap", "period": "1", "transaction_per_day": "1596000", "tenant_area": "4 m x 3 m", "target_market": "Warga, pejalan kaki, pekerja kantoran", "revenue_per_month": "47880000", "transaction_per_buyer": "57000", "rent_trend": "0.0", "rent_price_annual": "15000000", "rent_expiry_date": "none", "tanggal_survey": "23-Agu-2026", "kondisi_bangunan": "bagus", "moda_terhubung": "LRT", "jarak_ke_stasiun_meter": 454.2, "nearest_station_verified": "ciracas"}}, {"type": "Feature", "geometry": {"type": "Point", "coordinates": [106.8837503, -6.323185699999999, 0]}, "properties": {"id": "ChIJq0AtAgDtaS4R6HpRXaMBS4o", "latitude": "-6.323185699999999", "longitude": "106.8837503", "name": "KK chicken", "description": "MVGM+PGC, Jalan Penganten Ali 5 RT.11/RW.6, Ciracas", "tenant_type": "umkm-tetap", "period": "3", "transaction_per_day": "3312000", "tenant_area": "4 m x 3 m", "target_market": "pekerja kantoran, pejalan kaki", "revenue_per_month": "99360000", "transaction_per_buyer": "48000", "rent_trend": "0.0", "rent_price_annual": "35500000", "rent_expiry_date": "none", "tanggal_survey": "23-Agu-2026", "kondisi_bangunan": "bagus", "moda_terhubung": "LRT", "jarak_ke_stasiun_meter": 331.0, "nearest_station_verified": "ciracas"}}, {"type": "Feature", "geometry": {"type": "Point", "coordinates": [106.8848457, -6.325666699999999, 0]}, "properties": {"id": "ChIJYWgB783taS4RuOyC3ov-8OA", "latitude": "-6.325666699999999", "longitude": "106.8848457", "name": "Kampung Telaga", "description": "LRT City, Jalan Pengantin Ali No.88 4, RT.4/RW.6, Ciracas", "tenant_type": "umkm-tetap", "period": "10", "transaction_per_day": "4554000", "tenant_area": "4 m x 3 m", "target_market": "pekerja kantoran, pejalan kaki, warga", "revenue_per_month": "136620000", "transaction_per_buyer": "99000", "rent_trend": "0.0", "rent_price_annual": "46500000", "rent_expiry_date": "none", "tanggal_survey": "23-Agu-2026", "kondisi_bangunan": "bagus", "moda_terhubung": "LRT", "jarak_ke_stasiun_meter": 299.7, "nearest_station_verified": "ciracas"}}, {"type": "Feature", "geometry": {"type": "Point", "coordinates": [106.8831188, -6.325699199999999, 0]}, "properties": {"id": "ChIJlYdjNRftaS4ROcnX8Lzh0y8", "latitude": "-6.325699199999999", "longitude": "106.8831188", "name": "WARTEG BAROKAH", "description": "Jalan Pengantin Ali RT.6/RW.6, Ciracas", "tenant_type": "umkm-tetap", "period": "9", "transaction_per_day": "8160000", "tenant_area": "4 m x 10 m", "target_market": "Warga, pejalan kaki, pekerja kantoran", "revenue_per_month": "244800000", "transaction_per_buyer": "96000", "rent_trend": "0.0", "rent_price_annual": "89500000", "rent_expiry_date": "none", "tanggal_survey": "30-Agu-2026", "kondisi_bangunan": "bagus", "moda_terhubung": "LRT", "jarak_ke_stasiun_meter": 453.9, "nearest_station_verified": "ciracas"}}, {"type": "Feature", "geometry": {"type": "Point", "coordinates": [106.8831541, -6.325743999999999, 0]}, "properties": {"id": "ChIJHw0wXSTtaS4R9KchbVRt3j8", "latitude": "-6.325743999999999", "longitude": "106.8831541", "name": "Bakmi Unggul", "description": "Jalan Pengantin Ali No.55, RT.8/RW.6, Ciracas", "tenant_type": "umkm-seasonal", "period": "5", "transaction_per_day": "1440000", "tenant_area": "4 m x 3 m", "target_market": "pejalan kaki, pekerja kantoran", "revenue_per_month": "43200000", "transaction_per_buyer": "60000", "rent_trend": "0.0", "rent_price_annual": "12500000", "rent_expiry_date": "none", "tanggal_survey": "23-Agu-2026", "kondisi_bangunan": "bagus", "moda_terhubung": "LRT", "jarak_ke_stasiun_meter": 453.0, "nearest_station_verified": "ciracas"}}, {"type": "Feature", "geometry": {"type": "Point", "coordinates": [106.8826235, -6.3239682, 0]}, "properties": {"id": "ChIJVbBvhHTtaS4RmdMnSekRDnk", "latitude": "-6.3239682", "longitude": "106.8826235", "name": "WARUNG SOSIS AINI", "description": "Gang Mawar No.60 13, RT.6/RW.6, Ciracas", "tenant_type": "umkm-tetap", "period": "6", "transaction_per_day": "2976000", "tenant_area": "4 m x 3 m", "target_market": "pejalan kaki, pekerja kantoran", "revenue_per_month": "89280000", "transaction_per_buyer": "62000", "rent_trend": "7.13", "rent_price_annual": "30000000", "rent_expiry_date": "none", "tanggal_survey": "23-Agu-2026", "kondisi_bangunan": "bagus", "moda_terhubung": "MRT", "jarak_ke_stasiun_meter": 451.5, "nearest_station_verified": "ciracas"}}, {"type": "Feature", "geometry": {"type": "Point", "coordinates": [106.8835584, -6.323113299999999, 0]}, "properties": {"id": "ChIJmelyfA_taS4RQKvnC3n0HKM", "latitude": "-6.323113299999999", "longitude": "106.8835584", "name": "Pangsit dan Mie Chili Oil Nyak Enni", "description": "Jalan Penganten Ali 5 No.18, RT.11/RW.6, Ciracas", "tenant_type": "umkm-tetap", "period": "4", "transaction_per_day": "2744000", "tenant_area": "4 m x 4 m", "target_market": "pekerja kantoran, pejalan kaki", "revenue_per_month": "82320000", "transaction_per_buyer": "49000", "rent_trend": "0.0", "rent_price_annual": "25500000", "rent_expiry_date": "none", "tanggal_survey": "23-Agu-2026", "kondisi_bangunan": "bagus", "moda_terhubung": "LRT", "jarak_ke_stasiun_meter": 353.3, "nearest_station_verified": "ciracas"}}, {"type": "Feature", "geometry": {"type": "Point", "coordinates": [106.8835062, -6.323059499999999, 0]}, "properties": {"id": "ChIJuynIVwDtaS4RDmzxlblrepY", "latitude": "-6.323059499999999", "longitude": "106.8835062", "name": "D'Celup Chicken Crispy - Ciracas", "description": "Jalan Penganten Ali 5 RT.11/RW.6, Ciracas", "tenant_type": "umkm-seasonal", "period": "10", "transaction_per_day": "2394000", "tenant_area": "4 m x 3 m", "target_market": "pekerja kantoran, pejalan kaki", "revenue_per_month": "71820000", "transaction_per_buyer": "42000", "rent_trend": "0.0", "rent_price_annual": "24000000", "rent_expiry_date": "none", "tanggal_survey": "23-Agu-2026", "kondisi_bangunan": "bagus", "moda_terhubung": "LRT", "jarak_ke_stasiun_meter": 360.1, "nearest_station_verified": "ciracas"}}, {"type": "Feature", "geometry": {"type": "Point", "coordinates": [106.8837605, -6.3229422, 0]}, "properties": {"id": "ChIJXTaoPtftaS4R59s6LeiGaso", "latitude": "-6.3229422", "longitude": "106.8837605", "name": "Mie Keriting Barokah \"PAKDHE\"", "description": "11, Jalan Pengantin Ali No.79, RT.11/RW.6, Ciracas", "tenant_type": "umkm-tetap", "period": "2", "transaction_per_day": "2430000", "tenant_area": "3 m x 3 m", "target_market": "Warga, pejalan kaki, pekerja kantoran", "revenue_per_month": "72900000", "transaction_per_buyer": "90000", "rent_trend": "0.0", "rent_price_annual": "22000000", "rent_expiry_date": "none", "tanggal_survey": "23-Agu-2026", "kondisi_bangunan": "bagus", "moda_terhubung": "LRT", "jarak_ke_stasiun_meter": 335.6, "nearest_station_verified": "ciracas"}}, {"type": "Feature", "geometry": {"type": "Point", "coordinates": [106.7955536, -6.254773, 0]}, "properties": {"id": "ChIJw6OSvHTxaS4R9_Rdl5t4pnc", "latitude": "-6.254773", "longitude": "106.7955536", "name": "Gudeg Echo Priyayi", "description": "Jalan Petogogan II No.31 8, RT.8/RW.6, Pulo", "tenant_type": "umkm-seasonal", "period": "8", "transaction_per_day": "6552000", "tenant_area": "3.5 m x 3 m", "target_market": "pejalan kaki, pekerja kantoran", "revenue_per_month": "196560000", "transaction_per_buyer": "78000", "rent_trend": "0.0", "rent_price_annual": "70000000", "rent_expiry_date": "none", "tanggal_survey": "23-Agu-2026", "kondisi_bangunan": "bagus", "moda_terhubung": "LRT", "jarak_ke_stasiun_meter": 1274.9, "nearest_station_verified": "blok_m_selatan"}}, {"type": "Feature", "geometry": {"type": "Point", "coordinates": [106.7998879, -6.2542873, 0]}, "properties": {"id": "ChIJw1JvRm3xaS4RlMnBvhf8srg", "latitude": "-6.2542873", "longitude": "106.7998879", "name": "Sari Ratu", "description": "Wijaya Grand Centre, Jalan Wijaya II No.5 Blok C No 14, RT.6/RW.7, Pulo", "tenant_type": "umkm-seasonal", "period": "6", "transaction_per_day": "2124000", "tenant_area": "4 m x 3 m", "target_market": "pekerja kantoran, pejalan kaki", "revenue_per_month": "63720000", "transaction_per_buyer": "59000", "rent_trend": "0.0", "rent_price_annual": "19500000", "rent_expiry_date": "none", "tanggal_survey": "23-Agu-2026", "kondisi_bangunan": "bagus", "moda_terhubung": "LRT", "jarak_ke_stasiun_meter": 1144.7, "nearest_station_verified": "blok_m_selatan"}}, {"type": "Feature", "geometry": {"type": "Point", "coordinates": [106.7973923, -6.2551633, 0]}, "properties": {"id": "ChIJuX_jpnXxaS4RFrQSCOerBjk", "latitude": "-6.2551633", "longitude": "106.7973923", "name": "Mie Kondang Blok A", "description": "depan Jakarta Photo, Jalan Panglima Polim No.2, RT.2/RW.1, Pulo", "tenant_type": "umkm-seasonal", "period": "5", "transaction_per_day": "7650000", "tenant_area": "4 m x 3 m", "target_market": "Warga, pejalan kaki, pekerja kantoran", "revenue_per_month": "229500000", "transaction_per_buyer": "85000", "rent_trend": "8.05", "rent_price_annual": "84500000", "rent_expiry_date": "none", "tanggal_survey": "23-Agu-2026", "kondisi_bangunan": "bagus", "moda_terhubung": "LRT", "jarak_ke_stasiun_meter": 1263.0, "nearest_station_verified": "blok_m_selatan"}}, {"type": "Feature", "geometry": {"type": "Point", "coordinates": [106.7995746, -6.2537793, 0]}, "properties": {"id": "ChIJLRrf5nPxaS4RyuALEOF4czA", "latitude": "-6.2537793", "longitude": "106.7995746", "name": "Nasi Campur Kacamata Grand Wijaya Center", "description": "Wijaya Grand Centre, Ruko, Jalan Darmawangsa III No.4 Blok C, RT.6/RW.1, Pulo", "tenant_type": "umkm-tetap", "period": "9", "transaction_per_day": "4160000", "tenant_area": "5 m x 5 m", "target_market": "Warga, pejalan kaki, pekerja kantoran", "revenue_per_month": "124800000", "transaction_per_buyer": "65000", "rent_trend": "0.0", "rent_price_annual": "43500000", "rent_expiry_date": "none", "tanggal_survey": "23-Agu-2026", "kondisi_bangunan": "bagus", "moda_terhubung": "LRT", "jarak_ke_stasiun_meter": 1087.4, "nearest_station_verified": "blok_m_selatan"}}, {"type": "Feature", "geometry": {"type": "Point", "coordinates": [106.7948091, -6.256790899999999, 0]}, "properties": {"id": "ChIJtSJyIXXxaS4RpCSdfjTF6KY", "latitude": "-6.256790899999999", "longitude": "106.7948091", "name": "Warteg 91", "description": "Jalan Ketimun III No.8, RT.8/RW.5, Gandaria Utara", "tenant_type": "umkm-tetap", "period": "1", "transaction_per_day": "1311000", "tenant_area": "3 m x 3 m", "target_market": "pekerja kantoran, pejalan kaki, warga", "revenue_per_month": "39330000", "transaction_per_buyer": "57000", "rent_trend": "6.21", "rent_price_annual": "8500000", "rent_expiry_date": "none", "tanggal_survey": "23-Agu-2026", "kondisi_bangunan": "bagus", "moda_terhubung": "LRT", "jarak_ke_stasiun_meter": 1513.8, "nearest_station_verified": "blok_m_selatan"}}, {"type": "Feature", "geometry": {"type": "Point", "coordinates": [106.8005129, -6.2564317, 0]}, "properties": {"id": "ChIJvVvJf3bxaS4RmQewvnvjqZg", "latitude": "-6.2564317", "longitude": "106.8005129", "name": "Warteg Kharisma Bahari", "description": "Jalan Darmawangsa XI No.3, RT.7/RW.1, Pulo", "tenant_type": "umkm-seasonal", "period": "5", "transaction_per_day": "5060000", "tenant_area": "4 m x 3 m", "target_market": "pekerja kantoran, pejalan kaki", "revenue_per_month": "151800000", "transaction_per_buyer": "92000", "rent_trend": "0.0", "rent_price_annual": "55500000", "rent_expiry_date": "none", "tanggal_survey": "31-Agu-2026", "kondisi_bangunan": "bagus", "moda_terhubung": "LRT", "jarak_ke_stasiun_meter": 1386.9, "nearest_station_verified": "blok_m_selatan"}}, {"type": "Feature", "geometry": {"type": "Point", "coordinates": [106.7947082, -6.251448000000001, 0]}, "properties": {"id": "ChIJ5Z7Z0wzxaS4RjgIS7T-34z0", "latitude": "-6.251448000000001", "longitude": "106.7947082", "name": "Paviliun 28", "description": "Jalan Petogogan I No.25, RT.7/RW.7, Pulo", "tenant_type": "umkm-tetap", "period": "6", "transaction_per_day": "5073000", "tenant_area": "4 m x 3 m", "target_market": "pekerja kantoran, pejalan kaki, warga", "revenue_per_month": "152190000", "transaction_per_buyer": "57000", "rent_trend": "0.0", "rent_price_annual": "53000000", "rent_expiry_date": "none", "tanggal_survey": "23-Agu-2026", "kondisi_bangunan": "bagus", "moda_terhubung": "LRT", "jarak_ke_stasiun_meter": 983.1, "nearest_station_verified": "blok_m_selatan"}}, {"type": "Feature", "geometry": {"type": "Point", "coordinates": [106.8015832, -6.2533036, 0]}, "properties": {"id": "ChIJ4_YPSnHxaS4R2rkrFEqWfdU", "latitude": "-6.2533036", "longitude": "106.8015832", "name": "A5 Dining by Takemori", "description": "The Darmawangsa Square 3-46 Jalan Darmawangsa Raya RT.1, RT.5/RW.1, Pulo", "tenant_type": "umkm-seasonal", "period": "5", "transaction_per_day": "1900000", "tenant_area": "4 m x 3 m", "target_market": "pejalan kaki, pekerja kantoran", "revenue_per_month": "57000000", "transaction_per_buyer": "38000", "rent_trend": "0.0", "rent_price_annual": "15500000", "rent_expiry_date": "none", "tanggal_survey": "23-Agu-2026", "kondisi_bangunan": "bagus", "moda_terhubung": "LRT", "jarak_ke_stasiun_meter": 1059.8, "nearest_station_verified": "blok_m_selatan"}}, {"type": "Feature", "geometry": {"type": "Point", "coordinates": [106.8015979, -6.2534275, 0]}, "properties": {"id": "ChIJHxJMSHHxaS4RO_pXyzJWXY4", "latitude": "-6.2534275", "longitude": "106.8015979", "name": "GB Cafe", "description": "The Darmawangsa Square, Jalan Darmawangsa VI No.37 GF 36, RT.5/RW.1, Pulo", "tenant_type": "umkm-seasonal", "period": "6", "transaction_per_day": "1710000", "tenant_area": "4 m x 10 m", "target_market": "pekerja kantoran, pejalan kaki", "revenue_per_month": "51300000", "transaction_per_buyer": "45000", "rent_trend": "0.0", "rent_price_annual": "16000000", "rent_expiry_date": "none", "tanggal_survey": "23-Agu-2026", "kondisi_bangunan": "bagus", "moda_terhubung": "LRT", "jarak_ke_stasiun_meter": 1073.6, "nearest_station_verified": "blok_m_selatan"}}, {"type": "Feature", "geometry": {"type": "Point", "coordinates": [106.8016091, -6.2532309, 0]}, "properties": {"id": "ChIJcXRhxHXxaS4RNSqzYW7nZyo", "latitude": "-6.2532309", "longitude": "106.8016091", "name": "Yakinikuya", "description": "The Darmawangsa Square, Jalan Darmawangsa VI Basement Unit 46, RT.5/RW.1, Pulo", "tenant_type": "umkm-seasonal", "period": "6", "transaction_per_day": "5760000", "tenant_area": "4 m x 3 m", "target_market": "pekerja kantoran, pejalan kaki", "revenue_per_month": "172800000", "transaction_per_buyer": "72000", "rent_trend": "0.0", "rent_price_annual": "63500000", "rent_expiry_date": "none", "tanggal_survey": "23-Agu-2026", "kondisi_bangunan": "bagus", "moda_terhubung": "LRT", "jarak_ke_stasiun_meter": 1052.6, "nearest_station_verified": "blok_m_selatan"}}, {"type": "Feature", "geometry": {"type": "Point", "coordinates": [106.8016791, -6.252988999999999, 0]}, "properties": {"id": "ChIJ26DvRnHxaS4R_Z_iQtBnNTQ", "latitude": "-6.252988999999999", "longitude": "106.8016791", "name": "Teras by Plataran Dharmawangsa", "description": "Darmawangsa Square City Walk Jl. Darmawangsa VI & IX, Kebayoran Baru, RT.5/RW.1, Pulo, Jakarta Selatan, RT.5/RW.1, Pulo", "tenant_type": "umkm-tetap", "period": "7", "transaction_per_day": "3212000", "tenant_area": "3 m x 3 m", "target_market": "pekerja kantoran, warga", "revenue_per_month": "96360000", "transaction_per_buyer": "44000", "rent_trend": "0.0", "rent_price_annual": "33500000", "rent_expiry_date": "none", "tanggal_survey": "23-Agu-2026", "kondisi_bangunan": "bagus", "moda_terhubung": "LRT", "jarak_ke_stasiun_meter": 1028.1, "nearest_station_verified": "blok_m_selatan"}}, {"type": "Feature", "geometry": {"type": "Point", "coordinates": [106.8012185, -6.2522504, 0]}, "properties": {"id": "ChIJXRdJbHHxaS4RGFU8ho4RaJw", "latitude": "-6.2522504", "longitude": "106.8012185", "name": "Burgreens Dharmawangsa - Healthy Plant-Based Eatery", "description": "5, Jalan Wijaya II No.37, RT.5/RW.7, Pulo", "tenant_type": "umkm-tetap", "period": "4", "transaction_per_day": "1856000", "tenant_area": "4 m x 3 m", "target_market": "pekerja kantoran, pejalan kaki", "revenue_per_month": "55680000", "transaction_per_buyer": "32000", "rent_trend": "0.0", "rent_price_annual": "17500000", "rent_expiry_date": "none", "tanggal_survey": "23-Agu-2026", "kondisi_bangunan": "bagus", "moda_terhubung": "LRT", "jarak_ke_stasiun_meter": 936.9, "nearest_station_verified": "blok_m_selatan"}}, {"type": "Feature", "geometry": {"type": "Point", "coordinates": [106.8026785, -6.254418800000001, 0]}, "properties": {"id": "ChIJU80L2nbxaS4R_m_3MgI5JiM", "latitude": "-6.254418800000001", "longitude": "106.8026785", "name": "Plataran Dharmawangsa", "description": "Jalan Dharmawangsa Raya No.6, RT.4/RW.2, Pulo", "tenant_type": "umkm-seasonal", "period": "8", "transaction_per_day": "2883000", "tenant_area": "4 m x 3 m", "target_market": "pejalan kaki, pekerja kantoran", "revenue_per_month": "86490000", "transaction_per_buyer": "31000", "rent_trend": "0.0", "rent_price_annual": "29000000", "rent_expiry_date": "none", "tanggal_survey": "23-Agu-2026", "kondisi_bangunan": "bagus", "moda_terhubung": "LRT", "jarak_ke_stasiun_meter": 1210.6, "nearest_station_verified": "blok_m_selatan"}}, {"type": "Feature", "geometry": {"type": "Point", "coordinates": [106.7979162, -6.2499129, 0]}, "properties": {"id": "ChIJUwzbv23xaS4R17X8pEL67YY", "latitude": "-6.2499129", "longitude": "106.7979162", "name": "Dapur Solo - Panglima Polim", "description": "Jalan Panglima Polim IX No.25, RT.2/RW.7, Melawai", "tenant_type": "umkm-tetap", "period": "7", "transaction_per_day": "3458000", "tenant_area": "4 m x 3 m", "target_market": "Warga, pejalan kaki, pekerja kantoran", "revenue_per_month": "103740000", "transaction_per_buyer": "91000", "rent_trend": "0.0", "rent_price_annual": "35500000", "rent_expiry_date": "none", "tanggal_survey": "23-Agu-2026", "kondisi_bangunan": "bagus", "moda_terhubung": "LRT", "jarak_ke_stasiun_meter": 680.4, "nearest_station_verified": "blok_m_selatan"}}, {"type": "Feature", "geometry": {"type": "Point", "coordinates": [106.7995756, -6.2498531, 0]}, "properties": {"id": "ChIJS68RRXLxaS4ROleRz6bGRss", "latitude": "-6.2498531", "longitude": "106.7995756", "name": "Maniak Grilled Sandwich", "description": "Jalan Panglima Polim V No.23, RT.1/RW.6, Melawai", "tenant_type": "umkm-tetap", "period": "9", "transaction_per_day": "2378000", "tenant_area": "4 m x 3 m", "target_market": "pekerja kantoran, pejalan kaki", "revenue_per_month": "71340000", "transaction_per_buyer": "41000", "rent_trend": "0.0", "rent_price_annual": "21000000", "rent_expiry_date": "none", "tanggal_survey": "23-Agu-2026", "kondisi_bangunan": "bagus", "moda_terhubung": "LRT", "jarak_ke_stasiun_meter": 650.9, "nearest_station_verified": "blok_m_selatan"}}, {"type": "Feature", "geometry": {"type": "Point", "coordinates": [106.7910877, -6.2526429, 0]}, "properties": {"id": "ChIJyeSTNwrxaS4RsZLkII7897g", "latitude": "-6.2526429", "longitude": "106.7910877", "name": "Pempek 161 radio dalam", "description": "Jalan Radio Dalam Raya No.H5 C, RT.7/RW.4, Gandaria Utara", "tenant_type": "umkm-tetap", "period": "7", "transaction_per_day": "4902000", "tenant_area": "4 m x 3 m", "target_market": "pejalan kaki, pekerja kantoran", "revenue_per_month": "147060000", "transaction_per_buyer": "57000", "rent_trend": "7.54", "rent_price_annual": "51500000", "rent_expiry_date": "none", "tanggal_survey": "23-Agu-2026", "kondisi_bangunan": "bagus", "moda_terhubung": "LRT", "jarak_ke_stasiun_meter": 1337.2, "nearest_station_verified": "blok_m_selatan"}}, {"type": "Feature", "geometry": {"type": "Point", "coordinates": [106.7903055, -6.2551473, 0]}, "properties": {"id": "ChIJe-S5lgvxaS4RfOKdXeCfkBQ", "latitude": "-6.2551473", "longitude": "106.7903055", "name": "Sushi Tengoku", "description": "Jalan Radio Dalam Raya No.11 B 5, RT.5/RW.4, Gandaria Utara", "tenant_type": "umkm-seasonal", "period": "3", "transaction_per_day": "4608000", "tenant_area": "4 m x 3 m", "target_market": "pekerja kantoran, pejalan kaki", "revenue_per_month": "138240000", "transaction_per_buyer": "72000", "rent_trend": "0.0", "rent_price_annual": "48000000", "rent_expiry_date": "none", "tanggal_survey": "23-Agu-2026", "kondisi_bangunan": "bagus", "moda_terhubung": "LRT", "jarak_ke_stasiun_meter": 1602.9, "nearest_station_verified": "blok_m_selatan"}}, {"type": "Feature", "geometry": {"type": "Point", "coordinates": [106.8000665, -6.252383199999999, 0]}, "properties": {"id": "ChIJk_PiCXTxaS4R3ukWIZFOtv4", "latitude": "-6.252383199999999", "longitude": "106.8000665", "name": "Chung Gi Wa", "description": "Jalan Wijaya II No.119, RT.5/RW.1, Melawai", "tenant_type": "umkm-seasonal", "period": "3", "transaction_per_day": "3200000", "tenant_area": "4 m x 3 m", "target_market": "Warga, pejalan kaki, pekerja kantoran", "revenue_per_month": "96000000", "transaction_per_buyer": "100000", "rent_trend": "0.0", "rent_price_annual": "31000000", "rent_expiry_date": "none", "tanggal_survey": "23-Agu-2026", "kondisi_bangunan": "bagus", "moda_terhubung": "LRT", "jarak_ke_stasiun_meter": 934.3, "nearest_station_verified": "blok_m_selatan"}}, {"type": "Feature", "geometry": {"type": "Point", "coordinates": [106.7976745, -6.250936200000001, 0]}, "properties": {"id": "ChIJLZ65UHLxaS4RyOzbocZgIZA", "latitude": "-6.250936200000001", "longitude": "106.7976745", "name": "Bakwan Pabean", "description": "Jalan Panglima Polim No.75B 1, RT.1/RW.7, Melawai", "tenant_type": "umkm-tetap", "period": "8", "transaction_per_day": "6391000", "tenant_area": "3.5 m x 3 m", "target_market": "pekerja kantoran, pejalan kaki", "revenue_per_month": "191730000", "transaction_per_buyer": "83000", "rent_trend": "0.0", "rent_price_annual": "70000000", "rent_expiry_date": "none", "tanggal_survey": "23-Agu-2026", "kondisi_bangunan": "bagus", "moda_terhubung": "LRT", "jarak_ke_stasiun_meter": 797.2, "nearest_station_verified": "blok_m_selatan"}}, {"type": "Feature", "geometry": {"type": "Point", "coordinates": [106.7971347, -6.255753299999999, 0]}, "properties": {"id": "ChIJGT70GwDxaS4RiSxlWdGGiRY", "latitude": "-6.255753299999999", "longitude": "106.7971347", "name": "Pentol Bossqu", "description": "panorama bali residence blok A 11 no 11, RT.2/RW.6, Pulo", "tenant_type": "umkm-tetap", "period": "5", "transaction_per_day": "1794000", "tenant_area": "4 m x 3 m", "target_market": "Warga, pejalan kaki, pekerja kantoran", "revenue_per_month": "53820000", "transaction_per_buyer": "46000", "rent_trend": "0.0", "rent_price_annual": "15500000", "rent_expiry_date": "none", "tanggal_survey": "23-Agu-2026", "kondisi_bangunan": "bagus", "moda_terhubung": "LRT", "jarak_ke_stasiun_meter": 1332.8, "nearest_station_verified": "blok_m_selatan"}}, {"type": "Feature", "geometry": {"type": "Point", "coordinates": [106.7977586, -6.2275654, 0]}, "properties": {"id": "ChIJp-aoj0jxaS4RdcFxEQpJyaM", "latitude": "-6.2275654", "longitude": "106.7977586", "name": "Rice Senayan City", "description": "Senayan City, Jalan Asia Afrika No.19, RT.1/RW.3, Gelora", "tenant_type": "umkm-tetap", "period": "4", "transaction_per_day": "4914000", "tenant_area": "4 m x 3 m", "target_market": "pekerja kantoran, pejalan kaki", "revenue_per_month": "147420000", "transaction_per_buyer": "54000", "rent_trend": "0.0", "rent_price_annual": "50500000", "rent_expiry_date": "none", "tanggal_survey": "23-Agu-2026", "kondisi_bangunan": "bagus", "moda_terhubung": "LRT", "jarak_ke_stasiun_meter": 1837.6, "nearest_station_verified": "blok_m_selatan"}}, {"type": "Feature", "geometry": {"type": "Point", "coordinates": [106.8037029, -6.224337, 0]}, "properties": {"id": "ChIJVwMeXU7xaS4RKJHWV4xDMbc", "latitude": "-6.224337", "longitude": "106.8037029", "name": "Sate Khas Senayan, FX", "description": "Jakarta, FX Lifestyle X'entre, Jalan Jenderal Sudirman Jalan Pintu Satu Senayan No.23 Unit F1 22,22A,22B, RT.1/RW.3, Gelora", "tenant_type": "franchise-tetap", "period": "8", "transaction_per_day": "4960000", "tenant_area": "4 m x 10 m", "target_market": "pekerja kantoran, pejalan kaki", "revenue_per_month": "148800000", "transaction_per_buyer": "62000", "rent_trend": "0.0", "rent_price_annual": "51500000", "rent_expiry_date": "none", "tanggal_survey": "23-Agu-2026", "kondisi_bangunan": "bagus", "moda_terhubung": "LRT", "jarak_ke_stasiun_meter": 2235.2, "nearest_station_verified": "blok_m_selatan"}}, {"type": "Feature", "geometry": {"type": "Point", "coordinates": [106.8091799, -6.2255641, 0]}, "properties": {"id": "ChIJ8dy7Vw_0aS4RoJFvpG-l83Q", "latitude": "-6.2255641", "longitude": "106.8091799", "name": "CORK&SCREW Pacific Place", "description": "Pacific Place Mall, Pacific Place GF Unit 51C Lot. 3-5, Jalan Tulodong Atas 2 Jalan Scbd No.52-53, RT.5/RW.3, Senayan", "tenant_type": "umkm-tetap", "period": "6", "transaction_per_day": "4350000", "tenant_area": "5 m x 5 m", "target_market": "pekerja kantoran, warga", "revenue_per_month": "130500000", "transaction_per_buyer": "75000", "rent_trend": "0.0", "rent_price_annual": "46000000", "rent_expiry_date": "none", "tanggal_survey": "31-Agu-2026", "kondisi_bangunan": "bagus", "moda_terhubung": "LRT", "jarak_ke_stasiun_meter": 2312.4, "nearest_station_verified": "blok_m_selatan"}}, {"type": "Feature", "geometry": {"type": "Point", "coordinates": [106.800055, -6.2257509, 0]}, "properties": {"id": "ChIJq6ca0EjxaS4R2AmqKimLdYk", "latitude": "-6.2257509", "longitude": "106.800055", "name": "Chandara Fine Thai Cuisine", "description": "Plaza Senayan Mall, Jalan Asia Afrika No.3 4 Unit CP No.414, RT.1/RW.1, Gelora", "tenant_type": "umkm-tetap", "period": "2", "transaction_per_day": "1560000", "tenant_area": "3 m x 3 m", "target_market": "pekerja kantoran, pejalan kaki", "revenue_per_month": "46800000", "transaction_per_buyer": "78000", "rent_trend": "0.0", "rent_price_annual": "11000000", "rent_expiry_date": "none", "tanggal_survey": "23-Agu-2026", "kondisi_bangunan": "bagus", "moda_terhubung": "MRT", "jarak_ke_stasiun_meter": 2030.1, "nearest_station_verified": "blok_m_selatan"}}, {"type": "Feature", "geometry": {"type": "Point", "coordinates": [106.7999365, -6.225642499999999, 0]}, "properties": {"id": "ChIJz9G3IEnxaS4RaubLGZxlUr0", "latitude": "-6.225642499999999", "longitude": "106.7999365", "name": "Yakiniku Esina Garden", "description": "Plaza Senayan Lantai 4 Unit CP 412, Jalan Asia Afrika No.8, RT.1/RW.3, Gelora", "tenant_type": "umkm-seasonal", "period": "4", "transaction_per_day": "704000", "tenant_area": "4 m x 10 m", "target_market": "Warga, pejalan kaki, pekerja kantoran", "revenue_per_month": "21120000", "transaction_per_buyer": "32000", "rent_trend": "0.0", "rent_price_annual": "4500000", "rent_expiry_date": "none", "tanggal_survey": "23-Agu-2026", "kondisi_bangunan": "bagus", "moda_terhubung": "LRT", "jarak_ke_stasiun_meter": 2041.8, "nearest_station_verified": "blok_m_selatan"}}, {"type": "Feature", "geometry": {"type": "Point", "coordinates": [106.798693, -6.225382000000001, 0]}, "properties": {"id": "ChIJ____v3_2aS4RAN-jKwbMH1A", "latitude": "-6.225382000000001", "longitude": "106.798693", "name": "KFC", "description": "Jalan PINTU I NO.9 PLAZA SENAYAN LT.III, RT.1/RW.3, Gelora", "tenant_type": "umkm-seasonal", "period": "4", "transaction_per_day": "4896000", "tenant_area": "4 m x 3 m", "target_market": "pekerja kantoran, pejalan kaki", "revenue_per_month": "146880000", "transaction_per_buyer": "51000", "rent_trend": "7.13", "rent_price_annual": "52000000", "rent_expiry_date": "none", "tanggal_survey": "23-Agu-2026", "kondisi_bangunan": "bagus", "moda_terhubung": "LRT", "jarak_ke_stasiun_meter": 2072.1, "nearest_station_verified": "blok_m_selatan"}}, {"type": "Feature", "geometry": {"type": "Point", "coordinates": [106.7980436, -6.227227, 0]}, "properties": {"id": "ChIJp-aoj0jxaS4R5fuOOV0w3_8", "latitude": "-6.227227", "longitude": "106.7980436", "name": "The Rych Concept", "description": "Jalan Asia Afrika No.19, RT.1/RW.3, Gelora", "tenant_type": "umkm-seasonal", "period": "6", "transaction_per_day": "4131000", "tenant_area": "4 m x 3 m", "target_market": "pekerja kantoran, pejalan kaki, warga", "revenue_per_month": "123930000", "transaction_per_buyer": "51000", "rent_trend": "6.21", "rent_price_annual": "43000000", "rent_expiry_date": "none", "tanggal_survey": "31-Agu-2026", "kondisi_bangunan": "bagus", "moda_terhubung": "LRT", "jarak_ke_stasiun_meter": 1872.0, "nearest_station_verified": "blok_m_selatan"}}, {"type": "Feature", "geometry": {"type": "Point", "coordinates": [106.7974815, -6.2273823, 0]}, "properties": {"id": "ChIJRelVikjxaS4Rz7WdmkOgYTg", "latitude": "-6.2273823", "longitude": "106.7974815", "name": "Pancious - Senayan City", "description": "Senayan City Lt. 5 Unit. 37, Jalan Asia Afrika No.38 Lot. 19, RT.1/RW.3, Gelora", "tenant_type": "umkm-seasonal", "period": "6", "transaction_per_day": "3690000", "tenant_area": "3.5 m x 3 m", "target_market": "pekerja kantoran, pejalan kaki", "revenue_per_month": "110700000", "transaction_per_buyer": "45000", "rent_trend": "0.0", "rent_price_annual": "38000000", "rent_expiry_date": "none", "tanggal_survey": "23-Agu-2026", "kondisi_bangunan": "bagus", "moda_terhubung": "MRT", "jarak_ke_stasiun_meter": 1861.2, "nearest_station_verified": "blok_m_selatan"}}, {"type": "Feature", "geometry": {"type": "Point", "coordinates": [106.7990869, -6.2243712, 0]}, "properties": {"id": "ChIJz9G3IEnxaS4Rju5wCDkCj78", "latitude": "-6.2243712", "longitude": "106.7990869", "name": "UNION Brasserie - Bakery & Bar", "description": "Plaza Senayan Lantai 1, Jalan Asia Afrika No.8, RT.1/RW.3, Gelora", "tenant_type": "umkm-tetap", "period": "1", "transaction_per_day": "2376000", "tenant_area": "4 m x 4 m", "target_market": "pekerja kantoran, warga", "revenue_per_month": "71280000", "transaction_per_buyer": "54000", "rent_trend": "0.0", "rent_price_annual": "23500000", "rent_expiry_date": "none", "tanggal_survey": "31-Agu-2026", "kondisi_bangunan": "bagus", "moda_terhubung": "LRT", "jarak_ke_stasiun_meter": 2183.1, "nearest_station_verified": "blok_m_selatan"}}, {"type": "Feature", "geometry": {"type": "Point", "coordinates": [106.7990353, -6.225578500000001, 0]}, "properties": {"id": "ChIJt6r_30jxaS4RD3qs9O1KkKY", "latitude": "-6.225578500000001", "longitude": "106.7990353", "name": "Dcrepes Plaza Senayan", "description": "Plaza Senayan Mall, Jalan Asia Afrika No.8, RT.1/RW.3, Gelora", "tenant_type": "umkm-tetap", "period": "8", "transaction_per_day": "3900000", "tenant_area": "4 m x 3 m", "target_market": "pekerja kantoran, pejalan kaki", "revenue_per_month": "117000000", "transaction_per_buyer": "52000", "rent_trend": "0.0", "rent_price_annual": "39500000", "rent_expiry_date": "none", "tanggal_survey": "31-Agu-2026", "kondisi_bangunan": "bagus", "moda_terhubung": "LRT", "jarak_ke_stasiun_meter": 2049.0, "nearest_station_verified": "blok_m_selatan"}}, {"type": "Feature", "geometry": {"type": "Point", "coordinates": [106.8036407, -6.2267114, 0]}, "properties": {"id": "ChIJh_xloU_xaS4RQsgMD6kXyXI", "latitude": "-6.2267114", "longitude": "106.8036407", "name": "美卯 miu Authentic Japanese Dining", "description": "Jl.Jend. Sudirman Kav 61-62 Summitmas1, Lt 1, RT.5/RW.3, Senayan", "tenant_type": "umkm-seasonal", "period": "6", "transaction_per_day": "4576000", "tenant_area": "3.5 m x 3.5 m", "target_market": "pekerja kantoran, pejalan kaki", "revenue_per_month": "137280000", "transaction_per_buyer": "88000", "rent_trend": "0.0", "rent_price_annual": "49000000", "rent_expiry_date": "none", "tanggal_survey": "23-Agu-2026", "kondisi_bangunan": "bagus", "moda_terhubung": "LRT", "jarak_ke_stasiun_meter": 1976.1, "nearest_station_verified": "blok_m_selatan"}}, {"type": "Feature", "geometry": {"type": "Point", "coordinates": [106.800219, -6.2254369, 0]}, "properties": {"id": "ChIJnSCWJknxaS4RCGwABAXBfFE", "latitude": "-6.2254369", "longitude": "106.800219", "name": "Sushi Sei", "description": "Plaza Senayan, Jalan Asia Afrika No.8 Lantai 4, RT.1/RW.3, Gelora", "tenant_type": "umkm-seasonal", "period": "3", "transaction_per_day": "5301000", "tenant_area": "4 m x 3 m", "target_market": "pekerja kantoran, pejalan kaki", "revenue_per_month": "159030000", "transaction_per_buyer": "93000", "rent_trend": "0.0", "rent_price_annual": "57000000", "rent_expiry_date": "none", "tanggal_survey": "31-Agu-2026", "kondisi_bangunan": "bagus", "moda_terhubung": "LRT", "jarak_ke_stasiun_meter": 2065.7, "nearest_station_verified": "blok_m_selatan"}}, {"type": "Feature", "geometry": {"type": "Point", "coordinates": [106.7999675, -6.2256798, 0]}, "properties": {"id": "ChIJHYpMJ0nxaS4RXPuMTxVlPsc", "latitude": "-6.2256798", "longitude": "106.7999675", "name": "Katsura Plaza Senayan", "description": "Plaza Senayan, Plaza Senayan Lt. 4 Unit CP 406, Jalan Asia Afrika No.8, RT. 01 / RW. 03, Gelora, RT.1/RW.3, Jalan Asia Afrika No.8 Lantai 4, RT.1/RW.3, Gelora", "tenant_type": "umkm-seasonal", "period": "9", "transaction_per_day": "2125000", "tenant_area": "4 m x 3 m", "target_market": "pekerja kantoran, pejalan kaki", "revenue_per_month": "63750000", "transaction_per_buyer": "85000", "rent_trend": "0.0", "rent_price_annual": "18500000", "rent_expiry_date": "none", "tanggal_survey": "23-Agu-2026", "kondisi_bangunan": "bagus", "moda_terhubung": "MRT", "jarak_ke_stasiun_meter": 2037.8, "nearest_station_verified": "blok_m_selatan"}}, {"type": "Feature", "geometry": {"type": "Point", "coordinates": [106.7992648, -6.225237199999999, 0]}, "properties": {"id": "ChIJz9G3IEnxaS4RNazHzMGqDpQ", "latitude": "-6.225237199999999", "longitude": "106.7992648", "name": "Roemah Rempah Plaza Senayan", "description": "Plaza Senayan Mall, Jalan Asia Afrika No.8 Lantai 4 Unit CP 405, RT.1/RW.3, Gelora", "tenant_type": "umkm-seasonal", "period": "2", "transaction_per_day": "5544000", "tenant_area": "4 m x 3 m", "target_market": "Warga, pejalan kaki, pekerja kantoran", "revenue_per_month": "166320000", "transaction_per_buyer": "72000", "rent_trend": "0.0", "rent_price_annual": "61000000", "rent_expiry_date": "none", "tanggal_survey": "23-Agu-2026", "kondisi_bangunan": "bagus", "moda_terhubung": "MRT", "jarak_ke_stasiun_meter": 2086.5, "nearest_station_verified": "blok_m_selatan"}}, {"type": "Feature", "geometry": {"type": "Point", "coordinates": [106.7993564, -6.225635399999999, 0]}, "properties": {"id": "ChIJeVYbw0jxaS4RVEf-GbNxGy4", "latitude": "-6.225635399999999", "longitude": "106.7993564", "name": "Yoshinoya Plaza Senayan", "description": "Plaza Senayan Food Court Lantai 3 Unit 339C, Jalan Asia Afrika No.8, RT.1/RW.3, Gelora", "tenant_type": "umkm-tetap", "period": "8", "transaction_per_day": "2709000", "tenant_area": "4 m x 3 m", "target_market": "pekerja kantoran, pejalan kaki", "revenue_per_month": "81270000", "transaction_per_buyer": "43000", "rent_trend": "0.0", "rent_price_annual": "27500000", "rent_expiry_date": "none", "tanggal_survey": "23-Agu-2026", "kondisi_bangunan": "bagus", "moda_terhubung": "LRT", "jarak_ke_stasiun_meter": 2042.1, "nearest_station_verified": "blok_m_selatan"}}, {"type": "Feature", "geometry": {"type": "Point", "coordinates": [106.7990952, -6.226110499999999, 0]}, "properties": {"id": "ChIJGQqMPknxaS4RhciyEWo_10s", "latitude": "-6.226110499999999", "longitude": "106.7990952", "name": "Seroeni - Plaza Senayan", "description": "Plaza Senayan, Jalan Asia Afrika No.8 Lantai 3 #338-B, RT.1/RW.3, Gelora", "tenant_type": "umkm-tetap", "period": "10", "transaction_per_day": "1792000", "tenant_area": "4 m x 3 m", "target_market": "pejalan kaki, pekerja kantoran", "revenue_per_month": "53760000", "transaction_per_buyer": "28000", "rent_trend": "0.0", "rent_price_annual": "16500000", "rent_expiry_date": "none", "tanggal_survey": "23-Agu-2026", "kondisi_bangunan": "bagus", "moda_terhubung": "MRT", "jarak_ke_stasiun_meter": 1989.7, "nearest_station_verified": "blok_m_selatan"}}, {"type": "Feature", "geometry": {"type": "Point", "coordinates": [106.7990353, -6.225578500000001, 0]}, "properties": {"id": "ChIJPVRgw0jxaS4RYwNPeHUd7dI", "latitude": "-6.225578500000001", "longitude": "106.7990353", "name": "TWG Tea at Plaza Senayan", "description": "Plaza Senayan Level 1 Unit 109A, Jalan Asia Afrika No.8, RT.1/RW.3, Gelora", "tenant_type": "umkm-seasonal", "period": "3", "transaction_per_day": "3009000", "tenant_area": "4 m x 3 m", "target_market": "pekerja kantoran, pejalan kaki", "revenue_per_month": "90270000", "transaction_per_buyer": "59000", "rent_trend": "0.0", "rent_price_annual": "31000000", "rent_expiry_date": "none", "tanggal_survey": "23-Agu-2026", "kondisi_bangunan": "bagus", "moda_terhubung": "LRT", "jarak_ke_stasiun_meter": 2049.0, "nearest_station_verified": "blok_m_selatan"}}, {"type": "Feature", "geometry": {"type": "Point", "coordinates": [106.7990353, -6.225578500000001, 0]}, "properties": {"id": "ChIJq6qqqknxaS4R836gBihXtg8", "latitude": "-6.225578500000001", "longitude": "106.7990353", "name": "Angus House Senayan", "description": "Plaza Senayan Lantai P4 Unit CP 413, Jalan Asia Afrika No.8, RT.1/RW.3, Gelora", "tenant_type": "umkm-seasonal", "period": "5", "transaction_per_day": "5632000", "tenant_area": "5 m x 5 m", "target_market": "pekerja kantoran, pejalan kaki", "revenue_per_month": "168960000", "transaction_per_buyer": "88000", "rent_trend": "0.0", "rent_price_annual": "62000000", "rent_expiry_date": "none", "tanggal_survey": "23-Agu-2026", "kondisi_bangunan": "bagus", "moda_terhubung": "LRT", "jarak_ke_stasiun_meter": 2049.0, "nearest_station_verified": "blok_m_selatan"}}, {"type": "Feature", "geometry": {"type": "Point", "coordinates": [106.798919, -6.2256616, 0]}, "properties": {"id": "ChIJeQrEZEjxaS4R80EfA8QnjlQ", "latitude": "-6.2256616", "longitude": "106.798919", "name": "Sari Ratu", "description": "Jalan Asia Afrika No.8 Lantai Basement, RT.1/RW.3, Gelora", "tenant_type": "umkm-seasonal", "period": "6", "transaction_per_day": "5840000", "tenant_area": "4 m x 3 m", "target_market": "Warga, pejalan kaki, pekerja kantoran", "revenue_per_month": "175200000", "transaction_per_buyer": "73000", "rent_trend": "0.0", "rent_price_annual": "63500000", "rent_expiry_date": "none", "tanggal_survey": "31-Agu-2026", "kondisi_bangunan": "bagus", "moda_terhubung": "LRT", "jarak_ke_stasiun_meter": 2040.1, "nearest_station_verified": "blok_m_selatan"}}, {"type": "Feature", "geometry": {"type": "Point", "coordinates": [106.7988145, -6.2256942, 0]}, "properties": {"id": "ChIJA3ZdIEnxaS4RL-Z1O9UU3sY", "latitude": "-6.2256942", "longitude": "106.7988145", "name": "Bengawan Solo Plaza Senayan", "description": "Plaza Senayan Lantai B 1 Unit Sogo, JL Asia Afrika, No. 8, 10270, RT.1/RW.3, Gelora", "tenant_type": "umkm-seasonal", "period": "10", "transaction_per_day": "2706000", "tenant_area": "4 m x 3 m", "target_market": "Warga, pejalan kaki, pekerja kantoran", "revenue_per_month": "81180000", "transaction_per_buyer": "41000", "rent_trend": "0.0", "rent_price_annual": "27500000", "rent_expiry_date": "none", "tanggal_survey": "23-Agu-2026", "kondisi_bangunan": "bagus", "moda_terhubung": "LRT", "jarak_ke_stasiun_meter": 2036.9, "nearest_station_verified": "blok_m_selatan"}}]}